sample,t_s,qw,qx,qy,qz,bl_qw,bl_qx,bl_qy,bl_qz
0,0.000000,-0.414946,0.854902,-0.304270,0.066202,0.311096,0.897918,-0.168340,0.261963
1,0.002404,-0.414228,0.854872,-0.304848,0.068392,0.311582,0.897389,-0.167200,0.263920
2,0.004808,-0.413539,0.854820,-0.305428,0.070588,0.312033,0.896865,-0.166056,0.265883
3,0.007212,-0.412878,0.854747,-0.306006,0.072791,0.312449,0.896347,-0.164908,0.267850
4,0.009615,-0.412244,0.854655,-0.306586,0.074995,0.312832,0.895833,-0.163760,0.269819
5,0.012019,-0.411634,0.854544,-0.307166,0.077205,0.313185,0.895323,-0.162607,0.271792
6,0.014423,-0.411047,0.854415,-0.307747,0.079420,0.313508,0.894817,-0.161451,0.273769
7,0.016827,-0.410480,0.854268,-0.308330,0.081636,0.313806,0.894312,-0.160297,0.275748
8,0.019231,-0.409927,0.854109,-0.308913,0.083852,0.314084,0.893808,-0.159142,0.277727
9,0.021635,-0.409386,0.853935,-0.309499,0.086066,0.314344,0.893303,-0.157991,0.279707
10,0.024038,-0.408854,0.853751,-0.310089,0.088279,0.314589,0.892796,-0.156843,0.281688
11,0.026442,-0.408330,0.853555,-0.310679,0.090489,0.314822,0.892288,-0.155698,0.283669
12,0.028846,-0.407813,0.853349,-0.311273,0.092697,0.315042,0.891776,-0.154557,0.285650
13,0.031250,-0.407301,0.853134,-0.311867,0.094905,0.315252,0.891262,-0.153416,0.287631
14,0.033654,-0.406797,0.852908,-0.312463,0.097112,0.315448,0.890746,-0.152276,0.289613
15,0.036058,-0.406298,0.852672,-0.313063,0.099321,0.315633,0.890226,-0.151138,0.291599
16,0.038462,-0.405804,0.852425,-0.313664,0.101533,0.315809,0.889703,-0.150000,0.293588
17,0.040865,-0.405316,0.852167,-0.314272,0.103745,0.315972,0.889175,-0.148865,0.295583
18,0.043269,-0.404832,0.851898,-0.314884,0.105961,0.316123,0.888643,-0.147731,0.297583
19,0.045673,-0.404356,0.851617,-0.315501,0.108182,0.316261,0.888107,-0.146597,0.299589
20,0.048077,-0.403888,0.851322,-0.316126,0.110407,0.316384,0.887567,-0.145465,0.301604
21,0.050481,-0.403428,0.851013,-0.316757,0.112639,0.316491,0.887024,-0.144333,0.303629
22,0.052885,-0.402978,0.850688,-0.317397,0.114880,0.316579,0.886476,-0.143201,0.305666
23,0.055288,-0.402542,0.850346,-0.318044,0.117129,0.316645,0.885926,-0.142068,0.307714
24,0.057692,-0.402123,0.849985,-0.318698,0.119389,0.316687,0.885374,-0.140933,0.309774
25,0.060096,-0.401722,0.849603,-0.319363,0.121658,0.316700,0.884820,-0.139799,0.311849
26,0.062500,-0.401343,0.849198,-0.320039,0.123940,0.316682,0.884266,-0.138662,0.313940
27,0.064904,-0.400987,0.848769,-0.320726,0.126238,0.316629,0.883711,-0.137523,0.316051
28,0.067308,-0.400654,0.848314,-0.321427,0.128551,0.316543,0.883153,-0.136384,0.318182
29,0.069712,-0.400342,0.847834,-0.322141,0.130877,0.316425,0.882594,-0.135244,0.320332
30,0.072115,-0.400050,0.847330,-0.322871,0.133214,0.316275,0.882031,-0.134108,0.322501
31,0.074519,-0.399776,0.846802,-0.323618,0.135561,0.316096,0.881464,-0.132976,0.324689
32,0.076923,-0.399515,0.846252,-0.324382,0.137919,0.315891,0.880890,-0.131849,0.326896
33,0.079327,-0.399264,0.845680,-0.325169,0.140283,0.315664,0.880308,-0.130734,0.329124
34,0.081731,-0.399020,0.845088,-0.325975,0.142653,0.315417,0.879717,-0.129628,0.331370
35,0.084135,-0.398783,0.844475,-0.326803,0.145028,0.315152,0.879116,-0.128534,0.333635
36,0.086538,-0.398552,0.843842,-0.327655,0.147408,0.314868,0.878505,-0.127454,0.335920
37,0.088942,-0.398325,0.843188,-0.328531,0.149796,0.314565,0.877882,-0.126385,0.338228
38,0.091346,-0.398105,0.842510,-0.329434,0.152188,0.314242,0.877248,-0.125332,0.340559
39,0.093750,-0.397893,0.841812,-0.330361,0.154585,0.313898,0.876603,-0.124292,0.342908
40,0.096154,-0.397688,0.841089,-0.331312,0.156987,0.313532,0.875948,-0.123266,0.345280
41,0.098558,-0.397497,0.840341,-0.332289,0.159397,0.313138,0.875284,-0.122253,0.347674
42,0.100962,-0.397322,0.839565,-0.333286,0.161820,0.312713,0.874611,-0.121245,0.350092
43,0.103365,-0.397165,0.838761,-0.334305,0.164258,0.312256,0.873931,-0.120241,0.352538
44,0.105769,-0.397029,0.837925,-0.335345,0.166714,0.311760,0.873245,-0.119240,0.355009
45,0.108173,-0.396920,0.837056,-0.336404,0.169188,0.311223,0.872553,-0.118239,0.357508
46,0.110577,-0.396838,0.836151,-0.337484,0.171685,0.310642,0.871855,-0.117238,0.360036
47,0.112981,-0.396783,0.835211,-0.338581,0.174209,0.310015,0.871151,-0.116229,0.362597
48,0.115385,-0.396758,0.834232,-0.339696,0.176764,0.309341,0.870442,-0.115211,0.365193
49,0.117788,-0.396764,0.833215,-0.340829,0.179350,0.308617,0.869727,-0.114183,0.367822
50,0.120192,-0.396798,0.832160,-0.341977,0.181970,0.307848,0.869004,-0.113143,0.370486
51,0.122596,-0.396857,0.831066,-0.343144,0.184624,0.307032,0.868273,-0.112090,0.373189
52,0.125000,-0.396944,0.829931,-0.344330,0.187314,0.306168,0.867532,-0.111027,0.375929
53,0.127404,-0.397056,0.828756,-0.345535,0.190042,0.305258,0.866780,-0.109950,0.378711
54,0.129808,-0.397193,0.827538,-0.346761,0.192810,0.304299,0.866016,-0.108859,0.381534
55,0.132212,-0.397352,0.826278,-0.348007,0.195619,0.303297,0.865237,-0.107755,0.384402
56,0.134615,-0.397526,0.824977,-0.349279,0.198468,0.302254,0.864441,-0.106639,0.387315
57,0.137019,-0.397714,0.823634,-0.350579,0.201356,0.301171,0.863624,-0.105516,0.390277
58,0.139423,-0.397911,0.822249,-0.351909,0.204288,0.300052,0.862783,-0.104384,0.393290
59,0.141827,-0.398112,0.820821,-0.353273,0.207261,0.298900,0.861916,-0.103246,0.396358
60,0.144231,-0.398316,0.819350,-0.354676,0.210276,0.297716,0.861020,-0.102106,0.399481
61,0.146635,-0.398518,0.817835,-0.356116,0.213331,0.296502,0.860092,-0.100965,0.402660
62,0.149038,-0.398715,0.816279,-0.357599,0.216421,0.295262,0.859130,-0.099828,0.405894
63,0.151442,-0.398904,0.814683,-0.359121,0.219546,0.294000,0.858135,-0.098694,0.409179
64,0.153846,-0.399082,0.813047,-0.360683,0.222702,0.292718,0.857105,-0.097567,0.412515
65,0.156250,-0.399244,0.811373,-0.362291,0.225883,0.291419,0.856036,-0.096455,0.415902
66,0.158654,-0.399387,0.809661,-0.363946,0.229089,0.290108,0.854927,-0.095358,0.419339
67,0.161058,-0.399510,0.807910,-0.365652,0.232317,0.288782,0.853775,-0.094282,0.422828
68,0.163462,-0.399612,0.806120,-0.367409,0.235566,0.287444,0.852581,-0.093227,0.426368
69,0.165865,-0.399694,0.804289,-0.369218,0.238834,0.286092,0.851345,-0.092196,0.429958
70,0.168269,-0.399760,0.802415,-0.371082,0.242118,0.284720,0.850066,-0.091191,0.433598
71,0.170673,-0.399814,0.800493,-0.372999,0.245421,0.283323,0.848745,-0.090211,0.437289
72,0.173077,-0.399865,0.798521,-0.374968,0.248742,0.281892,0.847386,-0.089255,0.441029
73,0.175481,-0.399922,0.796491,-0.376990,0.252077,0.280417,0.845992,-0.088327,0.444817
74,0.177885,-0.399995,0.794400,-0.379062,0.255431,0.278886,0.844565,-0.087420,0.448654
75,0.180288,-0.400095,0.792242,-0.381179,0.258802,0.277290,0.843110,-0.086534,0.452535
76,0.182692,-0.400232,0.790012,-0.383341,0.262193,0.275616,0.841629,-0.085664,0.456462
77,0.185096,-0.400420,0.787702,-0.385542,0.265608,0.273850,0.840129,-0.084807,0.460433
78,0.187500,-0.400671,0.785304,-0.387780,0.269047,0.271977,0.838611,-0.083957,0.464447
79,0.189904,-0.400995,0.782816,-0.390050,0.272512,0.269988,0.837081,-0.083111,0.468502
80,0.192308,-0.401397,0.780232,-0.392352,0.276004,0.267877,0.835538,-0.082270,0.472599
81,0.194712,-0.401884,0.777547,-0.394687,0.279522,0.265634,0.833983,-0.081434,0.476738
82,0.197115,-0.402463,0.774753,-0.397058,0.283066,0.263249,0.832418,-0.080605,0.480920
83,0.199519,-0.403138,0.771848,-0.399466,0.286633,0.260717,0.830840,-0.079785,0.485145
84,0.201923,-0.403909,0.768825,-0.401915,0.290225,0.258034,0.829248,-0.078977,0.489417
85,0.204327,-0.404781,0.765678,-0.404410,0.293840,0.255192,0.827639,-0.078185,0.493738
86,0.206731,-0.405754,0.762402,-0.406956,0.297478,0.252188,0.826011,-0.077413,0.498110
87,0.209135,-0.406828,0.758994,-0.409554,0.301139,0.249019,0.824361,-0.076661,0.502536
88,0.211538,-0.408010,0.755443,-0.412209,0.304822,0.245672,0.822686,-0.075934,0.507018
89,0.213942,-0.409302,0.751746,-0.414924,0.308525,0.242144,0.820985,-0.075235,0.511556
90,0.216346,-0.410705,0.747894,-0.417705,0.312249,0.238429,0.819253,-0.074569,0.516155
91,0.218750,-0.412221,0.743879,-0.420556,0.315991,0.234518,0.817486,-0.073938,0.520817
92,0.221154,-0.413852,0.739695,-0.423481,0.319752,0.230406,0.815681,-0.073348,0.525545
93,0.223558,-0.415601,0.735333,-0.426487,0.323528,0.226084,0.813833,-0.072802,0.530341
94,0.225962,-0.417469,0.730785,-0.429575,0.327319,0.221548,0.811938,-0.072306,0.535205
95,0.228365,-0.419459,0.726046,-0.432747,0.331123,0.216790,0.809994,-0.071859,0.540137
96,0.230769,-0.421579,0.721102,-0.436006,0.334936,0.211795,0.807997,-0.071467,0.545139
97,0.233173,-0.423837,0.715941,-0.439353,0.338761,0.206549,0.805945,-0.071130,0.550210
98,0.235577,-0.426248,0.710548,-0.442784,0.342602,0.201031,0.803836,-0.070840,0.555352
99,0.237981,-0.428825,0.704905,-0.446301,0.346459,0.195218,0.801668,-0.070598,0.560566
100,0.240385,-0.431580,0.698995,-0.449896,0.350340,0.189091,0.799438,-0.070397,0.565852
101,0.242788,-0.434530,0.692801,-0.453562,0.354248,0.182625,0.797144,-0.070226,0.571208
102,0.245192,-0.437689,0.686306,-0.457295,0.358180,0.175799,0.794785,-0.070085,0.576628
103,0.247596,-0.441066,0.679499,-0.461085,0.362136,0.168598,0.792359,-0.069968,0.582105
104,0.250000,-0.444665,0.672365,-0.464931,0.366111,0.161009,0.789859,-0.069877,0.587636
105,0.252404,-0.448487,0.664892,-0.468831,0.370101,0.153021,0.787278,-0.069813,0.593215
106,0.254808,-0.452531,0.657074,-0.472780,0.374097,0.144634,0.784609,-0.069779,0.598833
107,0.257212,-0.456793,0.648904,-0.476776,0.378085,0.135843,0.781846,-0.069785,0.604478
108,0.259615,-0.461274,0.640375,-0.480812,0.382055,0.126644,0.778983,-0.069832,0.610140
109,0.262019,-0.465973,0.631477,-0.484881,0.386000,0.117029,0.776015,-0.069920,0.615806
110,0.264423,-0.470893,0.622206,-0.488969,0.389908,0.106995,0.772938,-0.070047,0.621460
111,0.266827,-0.476030,0.612564,-0.493060,0.393766,0.096544,0.769752,-0.070211,0.627081
112,0.269231,-0.481379,0.602554,-0.497142,0.397558,0.085683,0.766456,-0.070416,0.632649
113,0.271635,-0.486930,0.592181,-0.501202,0.401269,0.074424,0.763047,-0.070663,0.638143
114,0.274038,-0.492671,0.581455,-0.505229,0.404882,0.062779,0.759522,-0.070956,0.643545
115,0.276442,-0.498591,0.570382,-0.509213,0.408379,0.050764,0.755878,-0.071301,0.648836
116,0.278846,-0.504673,0.558973,-0.513146,0.411747,0.038395,0.752111,-0.071700,0.653998
117,0.281250,-0.510903,0.547235,-0.517021,0.414972,0.025690,0.748217,-0.072159,0.659018
118,0.283654,-0.517267,0.535181,-0.520824,0.418041,0.012667,0.744193,-0.072678,0.663878
119,0.286058,-0.523750,0.522828,-0.524542,0.420942,-0.000652,0.740043,-0.073256,0.668558
120,0.288462,-0.530339,0.510193,-0.528164,0.423658,-0.014246,0.735768,-0.073897,0.673040
121,0.290865,-0.537018,0.497296,-0.531678,0.426176,-0.028088,0.731371,-0.074602,0.677305
122,0.293269,-0.543773,0.484154,-0.535073,0.428489,-0.042157,0.726854,-0.075366,0.681341
123,0.295673,-0.550591,0.470781,-0.538335,0.430592,-0.056435,0.722219,-0.076186,0.685135
124,0.298077,-0.557455,0.457194,-0.541454,0.432487,-0.070896,0.717465,-0.077051,0.688680
125,0.300481,-0.564348,0.443416,-0.544425,0.434161,-0.085511,0.712597,-0.077969,0.691964
126,0.302885,-0.571250,0.429474,-0.547243,0.435603,-0.100251,0.707619,-0.078941,0.694977
127,0.305288,-0.578149,0.415388,-0.549902,0.436810,-0.115090,0.702537,-0.079968,0.697711
128,0.307692,-0.585031,0.401182,-0.552402,0.437773,-0.130001,0.697357,-0.081055,0.700159
129,0.310096,-0.591875,0.386876,-0.554741,0.438489,-0.144957,0.692082,-0.082203,0.702320
130,0.312500,-0.598663,0.372495,-0.556927,0.438956,-0.159925,0.686713,-0.083418,0.704195
131,0.314904,-0.605372,0.358076,-0.558965,0.439163,-0.174865,0.681261,-0.084713,0.705783
132,0.317308,-0.611983,0.343656,-0.560865,0.439098,-0.189736,0.675739,-0.086102,0.707081
133,0.319712,-0.618477,0.329270,-0.562643,0.438748,-0.204500,0.670159,-0.087606,0.708090
134,0.322115,-0.624835,0.314948,-0.564314,0.438108,-0.219123,0.664527,-0.089241,0.708819
135,0.324519,-0.631043,0.300716,-0.565891,0.437174,-0.233576,0.658853,-0.091017,0.709274
136,0.326923,-0.637092,0.286601,-0.567385,0.435944,-0.247835,0.653149,-0.092943,0.709461
137,0.329327,-0.642972,0.272622,-0.568804,0.434426,-0.261877,0.647423,-0.095020,0.709391
138,0.331731,-0.648673,0.258796,-0.570159,0.432627,-0.275685,0.641678,-0.097250,0.709077
139,0.334135,-0.654189,0.245139,-0.571457,0.430558,-0.289242,0.635921,-0.099631,0.708532
140,0.336538,-0.659513,0.231664,-0.572706,0.428232,-0.302535,0.630157,-0.102158,0.707770
141,0.338942,-0.664643,0.218382,-0.573912,0.425657,-0.315554,0.624393,-0.104832,0.706802
142,0.341346,-0.669574,0.205301,-0.575083,0.422849,-0.328291,0.618630,-0.107646,0.705645
143,0.343750,-0.674303,0.192422,-0.576223,0.419830,-0.340742,0.612867,-0.110586,0.704316
144,0.346154,-0.678830,0.179743,-0.577333,0.416616,-0.352907,0.607103,-0.113644,0.702828
145,0.348558,-0.683152,0.167265,-0.578420,0.413227,-0.364787,0.601335,-0.116809,0.701200
146,0.350962,-0.687264,0.154986,-0.579489,0.409683,-0.376377,0.595560,-0.120072,0.699450
147,0.353365,-0.691163,0.142904,-0.580548,0.406000,-0.387677,0.589774,-0.123424,0.697595
148,0.355769,-0.694843,0.131020,-0.581605,0.402198,-0.398683,0.583973,-0.126860,0.695654
149,0.358173,-0.698298,0.119337,-0.582671,0.398287,-0.409387,0.578156,-0.130379,0.693642
150,0.360577,-0.701520,0.107870,-0.583762,0.394279,-0.419774,0.572325,-0.133985,0.691580
151,0.362981,-0.704496,0.096633,-0.584902,0.390177,-0.429824,0.566484,-0.137691,0.689485
152,0.365385,-0.707215,0.085652,-0.586118,0.385975,-0.439511,0.560641,-0.141523,0.687373
153,0.367788,-0.709664,0.074954,-0.587443,0.381666,-0.448808,0.554809,-0.145506,0.685264
154,0.370192,-0.711825,0.064570,-0.588918,0.377242,-0.457679,0.548994,-0.149677,0.683178
155,0.372596,-0.713673,0.054521,-0.590589,0.372697,-0.466090,0.543195,-0.154073,0.681146
156,0.375000,-0.715184,0.044830,-0.592501,0.368027,-0.474012,0.537411,-0.158727,0.679196
157,0.377404,-0.716342,0.035514,-0.594694,0.363223,-0.481418,0.531643,-0.163675,0.677350
158,0.379808,-0.717125,0.026594,-0.597207,0.358285,-0.488279,0.525889,-0.168943,0.675635
159,0.382212,-0.717510,0.018081,-0.600077,0.353214,-0.494571,0.520141,-0.174559,0.674079
160,0.384615,-0.717472,0.009979,-0.603340,0.348017,-0.500273,0.514385,-0.180541,0.672711
161,0.387019,-0.716981,0.002286,-0.607024,0.342718,-0.505365,0.508599,-0.186892,0.671569
162,0.389423,-0.716005,-0.005013,-0.611154,0.337346,-0.509837,0.502748,-0.193611,0.670691
163,0.391827,-0.714511,-0.011941,-0.615748,0.331943,-0.513679,0.496792,-0.200680,0.670119
164,0.394231,-0.712462,-0.018525,-0.620817,0.326559,-0.516886,0.490688,-0.208072,0.669896
165,0.396635,-0.709825,-0.024798,-0.626369,0.321240,-0.519457,0.484387,-0.215759,0.670061
166,0.399038,-0.706567,-0.030781,-0.632408,0.316032,-0.521383,0.477853,-0.223712,0.670648
167,0.401442,-0.702651,-0.036487,-0.638943,0.310970,-0.522650,0.471049,-0.231912,0.671690
168,0.403846,-0.698049,-0.041937,-0.645973,0.306084,-0.523249,0.463941,-0.240338,0.673206
169,0.406250,-0.692733,-0.047136,-0.653496,0.301400,-0.523166,0.456506,-0.248969,0.675214
170,0.408654,-0.686676,-0.052084,-0.661508,0.296936,-0.522382,0.448724,-0.257791,0.677722
171,0.411058,-0.679847,-0.056780,-0.670003,0.292713,-0.520873,0.440575,-0.266785,0.680743
172,0.413462,-0.672224,-0.061215,-0.678970,0.288736,-0.518619,0.432049,-0.275937,0.684271
173,0.415865,-0.663780,-0.065377,-0.688400,0.285006,-0.515591,0.423135,-0.285243,0.688302
174,0.418269,-0.654483,-0.069245,-0.698284,0.281524,-0.511753,0.413826,-0.294694,0.692829
175,0.420673,-0.644310,-0.072796,-0.708610,0.278276,-0.507071,0.404121,-0.304292,0.697833
176,0.423077,-0.633235,-0.075997,-0.719364,0.275233,-0.501503,0.394027,-0.314048,0.703286
177,0.425481,-0.621237,-0.078807,-0.730529,0.272361,-0.495006,0.383556,-0.323974,0.709151
178,0.427885,-0.608309,-0.081183,-0.742077,0.269613,-0.487545,0.372735,-0.334082,0.715373
179,0.430288,-0.594439,-0.083084,-0.753977,0.266941,-0.479081,0.361582,-0.344387,0.721898
180,0.432692,-0.579612,-0.084472,-0.766198,0.264300,-0.469579,0.350117,-0.354895,0.728672
181,0.435096,-0.563825,-0.085315,-0.778693,0.261649,-0.459012,0.338358,-0.365605,0.735632
182,0.437500,-0.547075,-0.085580,-0.791410,0.258950,-0.447355,0.326326,-0.376506,0.742717
183,0.439904,-0.529361,-0.085236,-0.804295,0.256167,-0.434586,0.314044,-0.387585,0.749860
184,0.442308,-0.510683,-0.084252,-0.817289,0.253267,-0.420683,0.301532,-0.398824,0.756997
185,0.444712,-0.491043,-0.082592,-0.830334,0.250202,-0.405621,0.288819,-0.410215,0.764054
186,0.447115,-0.470455,-0.080219,-0.843368,0.246914,-0.389385,0.275939,-0.421757,0.770946
187,0.449519,-0.448937,-0.077086,-0.856329,0.243340,-0.371954,0.262939,-0.433448,0.777583
188,0.451923,-0.426516,-0.073152,-0.869147,0.239409,-0.353318,0.249866,-0.445292,0.783867
189,0.454327,-0.403221,-0.068377,-0.881755,0.235043,-0.333470,0.236771,-0.457294,0.789696
190,0.456731,-0.379087,-0.062719,-0.894082,0.230165,-0.312404,0.223706,-0.469460,0.794963
191,0.459135,-0.354150,-0.056144,-0.906055,0.224699,-0.290122,0.210722,-0.481792,0.799564
192,0.461538,-0.328450,-0.048620,-0.917596,0.218572,-0.266629,0.197870,-0.494285,0.803392
193,0.463942,-0.302038,-0.040114,-0.928622,0.211721,-0.241938,0.185208,-0.506925,0.806344
194,0.466346,-0.274968,-0.030602,-0.939045,0.204086,-0.216071,0.172793,-0.519694,0.808315
195,0.468750,-0.247296,-0.020063,-0.948779,0.195602,-0.189051,0.160678,-0.532576,0.809200
196,0.471154,-0.219089,-0.008475,-0.957733,0.186215,-0.160912,0.148927,-0.545545,0.808893
197,0.473558,-0.190425,0.004177,-0.965811,0.175868,-0.131697,0.137604,-0.558575,0.807289
198,0.475962,-0.161388,0.017910,-0.972921,0.164490,-0.101455,0.126783,-0.571648,0.804271
199,0.478365,-0.132074,0.032733,-0.978966,0.152020,-0.070244,0.116536,-0.584739,0.799728
200,0.480769,-0.107877,0.048531,-0.983250,0.138660,-0.041964,0.110598,-0.597215,0.793310
201,0.483173,-0.098234,0.063423,-0.985794,0.120569,-0.024615,0.114309,-0.611806,0.782317
202,0.485577,-0.095980,0.076865,-0.987649,0.097107,-0.013516,0.122220,-0.629708,0.767038
203,0.487981,-0.092104,0.091622,-0.988579,0.076380,-0.000341,0.129914,-0.645022,0.753040
204,0.490385,-0.089627,0.105691,-0.988515,0.060294,0.011359,0.138111,-0.656351,0.741620
205,0.492788,-0.087418,0.116631,-0.988481,0.040758,0.020656,0.144285,-0.670141,0.727782
206,0.495192,-0.084295,0.125650,-0.988281,0.020193,0.029243,0.148454,-0.684541,0.713099
207,0.497596,-0.080446,0.133589,-0.987766,-0.000587,0.037578,0.151346,-0.698871,0.698041
208,0.500000,-0.076980,0.141620,-0.986706,-0.020735,0.045707,0.154573,-0.712368,0.683044
209,0.502404,-0.074783,0.149681,-0.985289,-0.034774,0.052960,0.158720,-0.721293,0.672115
210,0.504808,-0.071704,0.156952,-0.983715,-0.050294,0.060279,0.161684,-0.731155,0.660029
211,0.507212,-0.066684,0.163994,-0.982012,-0.065666,0.068808,0.163114,-0.740820,0.647954
212,0.509615,-0.065363,0.172248,-0.979720,-0.078783,0.075579,0.168016,-0.748475,0.637058
213,0.512019,-0.065543,0.182778,-0.976807,-0.090245,0.082898,0.175589,-0.754520,0.626894
214,0.514423,-0.063383,0.195673,-0.973733,-0.097666,0.093543,0.183180,-0.757594,0.619473
215,0.516827,-0.062101,0.212031,-0.969669,-0.104539,0.106016,0.193841,-0.759580,0.611739
216,0.519231,-0.061246,0.230748,-0.964822,-0.110104,0.119856,0.206471,-0.760087,0.604377
217,0.521635,-0.060985,0.251101,-0.959142,-0.115221,0.134432,0.220678,-0.759689,0.596742
218,0.524038,-0.060239,0.273773,-0.952370,-0.120045,0.150992,0.236182,-0.758312,0.588543
219,0.526442,-0.059103,0.297252,-0.944951,-0.123350,0.168397,0.251981,-0.755403,0.580960
220,0.528846,-0.057849,0.321162,-0.936582,-0.127756,0.186191,0.268001,-0.752601,0.571926
221,0.531250,-0.055833,0.344898,-0.927735,-0.131287,0.204400,0.283359,-0.748842,0.563173
222,0.533654,-0.054415,0.368172,-0.918207,-0.135592,0.221859,0.298814,-0.745148,0.553392
223,0.536058,-0.052444,0.390933,-0.908032,-0.141064,0.239348,0.313515,-0.741823,0.542328
224,0.538462,-0.049384,0.413063,-0.897563,-0.146014,0.257159,0.327000,-0.737921,0.531426
225,0.540865,-0.045578,0.435232,-0.886193,-0.152177,0.275527,0.339984,-0.734238,0.519028
226,0.543269,-0.040361,0.456726,-0.874587,-0.157704,0.294414,0.351493,-0.729940,0.506913
227,0.545673,-0.035322,0.477550,-0.862369,-0.164371,0.312703,0.362655,-0.726015,0.493559
228,0.548077,-0.030493,0.498528,-0.849105,-0.171932,0.330951,0.374074,-0.721982,0.478834
229,0.550481,-0.025665,0.519328,-0.835125,-0.179461,0.349073,0.385368,-0.717420,0.463624
230,0.552885,-0.021078,0.539976,-0.820035,-0.188479,0.366917,0.396725,-0.713127,0.446577
231,0.555288,-0.016355,0.560729,-0.804046,-0.197041,0.384931,0.408061,-0.707875,0.429217
232,0.557692,-0.012165,0.581458,-0.786856,-0.206437,0.402551,0.419755,-0.702364,0.410418
233,0.560096,-0.008317,0.601615,-0.768855,-0.216453,0.419525,0.431287,-0.696718,0.390607
234,0.562500,-0.004963,0.620911,-0.750482,-0.226322,0.435541,0.442560,-0.690705,0.370637
235,0.564904,-0.002222,0.639445,-0.731316,-0.237239,0.450584,0.453727,-0.684872,0.349365
236,0.567308,0.000453,0.657420,-0.711712,-0.247519,0.465186,0.464546,-0.678278,0.328234
237,0.569712,0.002771,0.674576,-0.691588,-0.258159,0.478956,0.475038,-0.671572,0.306480
238,0.572115,0.004697,0.690847,-0.671098,-0.268952,0.491824,0.485181,-0.664716,0.284360
239,0.574519,0.005953,0.706249,-0.650446,-0.279458,0.503603,0.495184,-0.657541,0.262329
240,0.576923,0.006519,0.720699,-0.629304,-0.290736,0.514221,0.505001,-0.650567,0.239403
241,0.579327,0.006445,0.734367,-0.608080,-0.301500,0.523833,0.514719,-0.643170,0.216784
242,0.581731,0.005947,0.747046,-0.586717,-0.312489,0.532447,0.524037,-0.635835,0.193909
243,0.584135,0.005197,0.758891,-0.565256,-0.323332,0.540291,0.532942,-0.628327,0.171066
244,0.586538,0.003904,0.770066,-0.543764,-0.333623,0.547279,0.541758,-0.620406,0.148592
245,0.588942,0.002239,0.780285,-0.522078,-0.344362,0.553328,0.550161,-0.612666,0.125664
246,0.591346,0.000067,0.789613,-0.500699,-0.354701,0.558388,0.558293,-0.604859,0.103236
247,0.593750,-0.002583,0.798050,-0.479318,-0.365190,0.562480,0.566133,-0.597158,0.080700
248,0.596154,-0.005570,0.805741,-0.457897,-0.375609,0.565806,0.573683,-0.589377,0.058186
249,0.598558,-0.008917,0.812710,-0.436775,-0.385553,0.568367,0.580978,-0.581474,0.036219
250,0.600962,-0.012321,0.818840,-0.415699,-0.395656,0.570295,0.587719,-0.573715,0.014173
251,0.603365,-0.016086,0.824348,-0.394879,-0.405292,0.571527,0.594277,-0.565806,-0.007363
252,0.605769,-0.020087,0.829097,-0.374157,-0.414972,0.572056,0.600463,-0.557998,-0.028861
253,0.608173,-0.024287,0.833099,-0.353641,-0.424611,0.571916,0.606263,-0.550308,-0.050184
254,0.610577,-0.028867,0.836479,-0.333547,-0.433838,0.571068,0.611892,-0.542623,-0.070917
255,0.612981,-0.033437,0.839161,-0.313526,-0.443160,0.569733,0.617020,-0.535058,-0.091665
256,0.615385,-0.038329,0.841309,-0.293873,-0.452072,0.567792,0.621998,-0.527463,-0.111864
257,0.617788,-0.043373,0.842861,-0.274448,-0.460849,0.565324,0.626662,-0.519934,-0.131806
258,0.620192,-0.048445,0.843815,-0.255257,-0.469546,0.562412,0.630923,-0.512513,-0.151525
259,0.622596,-0.053802,0.844285,-0.236518,-0.477857,0.558956,0.635043,-0.505140,-0.170652
260,0.625000,-0.059146,0.844187,-0.217862,-0.486195,0.555108,0.638753,-0.497844,-0.189740
261,0.627404,-0.064677,0.843631,-0.199607,-0.494227,0.550804,0.642271,-0.490615,-0.208328
262,0.629808,-0.070226,0.842577,-0.181694,-0.502115,0.546135,0.645449,-0.483526,-0.226572
263,0.632212,-0.075732,0.841031,-0.163934,-0.509957,0.541149,0.648249,-0.476513,-0.244676
264,0.634615,-0.081411,0.839110,-0.146539,-0.517487,0.535775,0.650907,-0.469537,-0.262300
265,0.637019,-0.086847,0.836721,-0.129280,-0.525017,0.530241,0.653061,-0.462658,-0.279828
266,0.639423,-0.092250,0.833978,-0.112367,-0.532301,0.524481,0.654942,-0.455849,-0.296938
267,0.641827,-0.097576,0.830875,-0.095692,-0.539415,0.518520,0.656514,-0.449088,-0.313760
268,0.644231,-0.102624,0.827359,-0.079106,-0.546523,0.512465,0.657597,-0.442386,-0.330514
269,0.646635,-0.107620,0.823516,-0.062890,-0.553429,0.506215,0.658413,-0.435804,-0.346863
270,0.649038,-0.112264,0.819278,-0.046744,-0.560352,0.499934,0.658700,-0.429282,-0.363176
271,0.651442,-0.116681,0.814742,-0.030794,-0.567127,0.493603,0.658616,-0.422794,-0.379244
272,0.653846,-0.120867,0.809935,-0.015055,-0.573733,0.487244,0.658176,-0.416337,-0.395045
273,0.656250,-0.124623,0.804819,0.000644,-0.580288,0.480971,0.657215,-0.409870,-0.410781
274,0.658654,-0.128149,0.799478,0.016056,-0.586646,0.474701,0.655932,-0.403469,-0.426175
275,0.661058,-0.131207,0.793824,0.031431,-0.592993,0.468541,0.654095,-0.397084,-0.441535
276,0.663462,-0.133897,0.787892,0.046699,-0.599264,0.462444,0.651804,-0.390722,-0.456765
277,0.665865,-0.136224,0.781725,0.061784,-0.605419,0.456438,0.649088,-0.384408,-0.471783
278,0.668269,-0.137994,0.775301,0.076843,-0.611524,0.450644,0.645797,-0.378076,-0.486749
279,0.670673,-0.139484,0.768718,0.091664,-0.617426,0.444935,0.642195,-0.371770,-0.501403
280,0.673077,-0.140524,0.761906,0.106419,-0.623239,0.439383,0.638115,-0.365447,-0.515946
281,0.675481,-0.141160,0.754875,0.121005,-0.628964,0.433962,0.633592,-0.359181,-0.530308
282,0.677885,-0.141529,0.747633,0.135316,-0.634589,0.428580,0.628733,-0.353039,-0.544406
283,0.680288,-0.141507,0.740118,0.149539,-0.640187,0.423282,0.623403,-0.346941,-0.558420
284,0.682692,-0.141317,0.732427,0.163421,-0.645658,0.417978,0.617830,-0.340993,-0.572105
285,0.685096,-0.140880,0.724531,0.177051,-0.651045,0.412704,0.611938,-0.335165,-0.585553
286,0.687500,-0.140259,0.716447,0.190407,-0.656336,0.407426,0.605782,-0.329462,-0.598738
287,0.689904,-0.139591,0.708204,0.203359,-0.661518,0.402070,0.599482,-0.323967,-0.611561
288,0.692308,-0.138743,0.699727,0.216063,-0.666671,0.396676,0.592887,-0.318628,-0.624187
289,0.694712,-0.137896,0.691081,0.228331,-0.671757,0.391161,0.586175,-0.313550,-0.636458
290,0.697115,-0.136981,0.682245,0.240244,-0.676802,0.385560,0.579280,-0.308693,-0.648450
291,0.699519,-0.136006,0.673232,0.251827,-0.681795,0.379876,0.572218,-0.304033,-0.660170
292,0.701923,-0.135107,0.664109,0.262963,-0.686700,0.374061,0.565131,-0.299627,-0.671513
293,0.704327,-0.134116,0.654827,0.273820,-0.691547,0.368198,0.557867,-0.295377,-0.682618
294,0.706731,-0.133135,0.645453,0.284274,-0.696314,0.362263,0.550545,-0.291356,-0.693381
295,0.709135,-0.132117,0.635963,0.294404,-0.701015,0.356273,0.543115,-0.287517,-0.703868
296,0.711538,-0.130987,0.626355,0.304290,-0.705641,0.350279,0.535522,-0.283798,-0.714129
297,0.713942,-0.129814,0.616706,0.313810,-0.710172,0.344285,0.527870,-0.280270,-0.724065
298,0.716346,-0.128473,0.606970,0.323136,-0.714608,0.338349,0.520037,-0.276813,-0.733796
299,0.718750,-0.127045,0.597206,0.332193,-0.718925,0.332453,0.512123,-0.273460,-0.743253
300,0.721154,-0.125491,0.587416,0.341005,-0.723125,0.326630,0.504102,-0.270200,-0.752453
301,0.723558,-0.123747,0.577579,0.349649,-0.727210,0.320908,0.495913,-0.266976,-0.761454
302,0.725962,-0.121915,0.567749,0.358011,-0.731181,0.315252,0.487666,-0.263871,-0.770175
303,0.728365,-0.119892,0.557876,0.366217,-0.735042,0.309701,0.479254,-0.260799,-0.778707
304,0.730769,-0.117744,0.548000,0.374192,-0.738791,0.304237,0.470752,-0.257811,-0.786998
305,0.733173,-0.115478,0.538131,0.381928,-0.742436,0.298861,0.462171,-0.254918,-0.795045
306,0.735577,-0.113033,0.528241,0.389511,-0.745967,0.293596,0.453449,-0.252052,-0.802904
307,0.737981,-0.110508,0.518394,0.396829,-0.749388,0.288419,0.444701,-0.249296,-0.810498
308,0.740385,-0.107823,0.508549,0.403985,-0.752694,0.283356,0.435841,-0.246575,-0.817896
309,0.742788,-0.105008,0.498731,0.410938,-0.755891,0.278404,0.426907,-0.243919,-0.825072
310,0.745192,-0.102078,0.488956,0.417655,-0.758990,0.273564,0.417925,-0.241361,-0.832014
311,0.747596,-0.098980,0.479182,0.424230,-0.761982,0.268843,0.408822,-0.238827,-0.838778
312,0.750000,-0.095786,0.469464,0.430566,-0.764880,0.264230,0.399692,-0.236396,-0.845308
313,0.752404,-0.092438,0.459777,0.436733,-0.767675,0.259748,0.390475,-0.234012,-0.851645
314,0.754808,-0.088965,0.450135,0.442718,-0.770366,0.255386,0.381202,-0.231682,-0.857780
315,0.757212,-0.085397,0.440562,0.448485,-0.772964,0.251139,0.371909,-0.229441,-0.863695
316,0.759615,-0.081664,0.431020,0.454115,-0.775456,0.247032,0.362522,-0.227222,-0.869438
317,0.762019,-0.077828,0.421555,0.459523,-0.777864,0.243051,0.353117,-0.225101,-0.874965
318,0.764423,-0.073853,0.412138,0.464767,-0.780179,0.239204,0.343647,-0.223031,-0.880310
319,0.766827,-0.069739,0.402777,0.469849,-0.782400,0.235493,0.334119,-0.221007,-0.885473
320,0.769231,-0.065532,0.393506,0.474713,-0.784542,0.231913,0.324589,-0.219082,-0.890428
321,0.771635,-0.061183,0.384292,0.479434,-0.786587,0.228472,0.314999,-0.217190,-0.895212
322,0.774038,-0.056751,0.375177,0.483938,-0.788559,0.225161,0.305419,-0.215400,-0.899791
323,0.776442,-0.052217,0.366138,0.488246,-0.790463,0.221976,0.295822,-0.213699,-0.904184
324,0.778846,-0.047586,0.357163,0.492366,-0.792304,0.218904,0.286201,-0.212088,-0.908399
325,0.781250,-0.042897,0.348286,0.496235,-0.794108,0.215942,0.276608,-0.210628,-0.912410
326,0.783654,-0.038116,0.339470,0.499914,-0.795860,0.213089,0.266994,-0.209266,-0.916251
327,0.786058,-0.033302,0.330747,0.503349,-0.797582,0.210325,0.257421,-0.208054,-0.919897
328,0.788462,-0.028452,0.322113,0.506553,-0.799273,0.207650,0.247887,-0.206984,-0.923359
329,0.790865,-0.023551,0.313556,0.509551,-0.800928,0.205064,0.238371,-0.206035,-0.926649
330,0.793269,-0.018641,0.305105,0.512292,-0.802571,0.202560,0.228923,-0.205259,-0.929749
331,0.795673,-0.013685,0.296721,0.514837,-0.804184,0.200136,0.219490,-0.204599,-0.932689
332,0.798077,-0.008707,0.288428,0.517158,-0.805779,0.197793,0.210107,-0.204086,-0.935458
333,0.800481,-0.003711,0.280230,0.519263,-0.807356,0.195529,0.200777,-0.203712,-0.938061
334,0.802885,0.001320,0.272114,0.521191,-0.808896,0.193347,0.191481,-0.203438,-0.940513
335,0.805288,0.006349,0.264117,0.522900,-0.810418,0.191249,0.182270,-0.203306,-0.942798
336,0.807692,0.011404,0.256206,0.524440,-0.811906,0.189229,0.173101,-0.203269,-0.944939
337,0.810096,0.016468,0.248395,0.525793,-0.813370,0.187286,0.163997,-0.203348,-0.946931
338,0.812500,0.021532,0.240688,0.526952,-0.814817,0.185418,0.154967,-0.203552,-0.948774
339,0.814904,0.026608,0.233062,0.527954,-0.816234,0.183615,0.145985,-0.203845,-0.950485
340,0.817308,0.031664,0.225546,0.528758,-0.817644,0.181874,0.137095,-0.204273,-0.952050
341,0.819712,0.036717,0.218115,0.529404,-0.819029,0.180194,0.128268,-0.204796,-0.953486
342,0.822115,0.041761,0.210780,0.529885,-0.820396,0.178573,0.119514,-0.205422,-0.954793
343,0.824519,0.046779,0.203545,0.530193,-0.821752,0.177006,0.110851,-0.206164,-0.955969
344,0.826923,0.051794,0.196389,0.530366,-0.823080,0.175492,0.102244,-0.206981,-0.957031
345,0.829327,0.056786,0.189338,0.530371,-0.824399,0.174036,0.093729,-0.207909,-0.957967
346,0.831731,0.061761,0.182370,0.530235,-0.825698,0.172627,0.085283,-0.208924,-0.958790
347,0.834135,0.066721,0.175488,0.529958,-0.826981,0.171267,0.076910,-0.210027,-0.959500
348,0.836538,0.071651,0.168707,0.529523,-0.828257,0.169959,0.068629,-0.211237,-0.960095
349,0.838942,0.076563,0.161998,0.528961,-0.829515,0.168688,0.060412,-0.212523,-0.960588
350,0.841346,0.081437,0.155385,0.528243,-0.830772,0.167458,0.052290,-0.213920,-0.960969
351,0.843750,0.086278,0.148852,0.527386,-0.832023,0.166262,0.044247,-0.215411,-0.961248
352,0.846154,0.091090,0.142391,0.526398,-0.833266,0.165096,0.036275,-0.216989,-0.961428
353,0.848558,0.095863,0.136016,0.525261,-0.834512,0.163963,0.028392,-0.218674,-0.961505
354,0.850962,0.100605,0.129705,0.524010,-0.835745,0.162854,0.020576,-0.220430,-0.961491
355,0.853365,0.105307,0.123480,0.522628,-0.836973,0.161777,0.012851,-0.222275,-0.961383
356,0.855769,0.109969,0.117335,0.521129,-0.838191,0.160728,0.005208,-0.224196,-0.961184
357,0.858173,0.114597,0.111263,0.519527,-0.839393,0.159707,-0.002358,-0.226179,-0.960901
358,0.860577,0.119178,0.105283,0.517806,-0.840588,0.158718,-0.009825,-0.228241,-0.960530
359,0.862981,0.123720,0.099370,0.515997,-0.841764,0.157749,-0.017218,-0.230352,-0.960082
360,0.865385,0.128219,0.093542,0.514088,-0.842925,0.156809,-0.024521,-0.232523,-0.959553
361,0.867788,0.132676,0.087799,0.512087,-0.844070,0.155899,-0.031733,-0.234747,-0.958948
362,0.870192,0.137090,0.082131,0.510014,-0.845190,0.155013,-0.038861,-0.237006,-0.958274
363,0.872596,0.141453,0.076560,0.507856,-0.846293,0.154158,-0.045886,-0.239311,-0.957528
364,0.875000,0.145773,0.071068,0.505644,-0.847363,0.153329,-0.052824,-0.241632,-0.956720
365,0.877404,0.150044,0.065668,0.503375,-0.848404,0.152531,-0.059663,-0.243972,-0.955852
366,0.879808,0.154267,0.060359,0.501058,-0.849411,0.151764,-0.066402,-0.246323,-0.954926
367,0.882212,0.158445,0.055131,0.498717,-0.850375,0.151021,-0.073054,-0.248659,-0.953952
368,0.884615,0.162572,0.050004,0.496348,-0.851298,0.150314,-0.079597,-0.250988,-0.952930
369,0.887019,0.166651,0.044964,0.493980,-0.852168,0.149635,-0.086045,-0.253277,-0.951870
370,0.889423,0.170679,0.040018,0.491619,-0.852982,0.148985,-0.092391,-0.255523,-0.950776
371,0.891827,0.174656,0.035171,0.489272,-0.853740,0.148370,-0.098631,-0.257718,-0.949653
372,0.894231,0.178584,0.030407,0.486969,-0.854426,0.147779,-0.104777,-0.259832,-0.948510
373,0.896635,0.182465,0.025742,0.484707,-0.855046,0.147225,-0.110820,-0.261869,-0.947348
374,0.899038,0.186306,0.021166,0.482505,-0.855588,0.146704,-0.116772,-0.263809,-0.946175
375,0.901442,0.190100,0.016682,0.480371,-0.856053,0.146217,-0.122625,-0.265647,-0.944995
376,0.903846,0.193850,0.012304,0.478304,-0.856444,0.145773,-0.128373,-0.267386,-0.943809
377,0.906250,0.197557,0.008020,0.476314,-0.856756,0.145365,-0.134023,-0.269013,-0.942623
378,0.908654,0.201215,0.003848,0.474385,-0.857005,0.145002,-0.139560,-0.270553,-0.941434
379,0.911058,0.204827,-0.000218,0.472513,-0.857191,0.144680,-0.144989,-0.272009,-0.940243
380,0.913462,0.208389,-0.004173,0.470691,-0.857325,0.144402,-0.150304,-0.273392,-0.939049
381,0.915865,0.211899,-0.008002,0.468899,-0.857419,0.144177,-0.155494,-0.274725,-0.937849
382,0.918269,0.215359,-0.011713,0.467139,-0.857476,0.143999,-0.160565,-0.276010,-0.936644
383,0.920673,0.218761,-0.015292,0.465391,-0.857508,0.143875,-0.165501,-0.277269,-0.935431
384,0.923077,0.222107,-0.018736,0.463650,-0.857523,0.143805,-0.170302,-0.278510,-0.934211
385,0.925481,0.225391,-0.022050,0.461913,-0.857525,0.143783,-0.174967,-0.279740,-0.932983
386,0.927885,0.228612,-0.025221,0.460165,-0.857525,0.143819,-0.179487,-0.280976,-0.931747
387,0.930288,0.231774,-0.028256,0.458414,-0.857519,0.143909,-0.183869,-0.282210,-0.930505
388,0.932692,0.234872,-0.031148,0.456651,-0.857517,0.144055,-0.188104,-0.283455,-0.929257
389,0.935096,0.237908,-0.033895,0.454881,-0.857517,0.144259,-0.192193,-0.284707,-0.928005
390,0.937500,0.240880,-0.036505,0.453109,-0.857518,0.144515,-0.196140,-0.285961,-0.926753
391,0.939904,0.243783,-0.038968,0.451328,-0.857528,0.144826,-0.199936,-0.287227,-0.925501
392,0.942308,0.246623,-0.041293,0.449551,-0.857541,0.145190,-0.203587,-0.288492,-0.924253
393,0.944712,0.249398,-0.043477,0.447778,-0.857557,0.145608,-0.207094,-0.289758,-0.923012
394,0.947115,0.252112,-0.045523,0.446017,-0.857576,0.146080,-0.210459,-0.291016,-0.921779
395,0.949519,0.254761,-0.047436,0.444276,-0.857593,0.146601,-0.213686,-0.292259,-0.920560
396,0.951923,0.257343,-0.049210,0.442555,-0.857612,0.147173,-0.216766,-0.293489,-0.919357
397,0.954327,0.259863,-0.050852,0.440866,-0.857626,0.147793,-0.219709,-0.294694,-0.918173
398,0.956731,0.262316,-0.052362,0.439214,-0.857636,0.148460,-0.222511,-0.295869,-0.917011
399,0.959135,0.264705,-0.053742,0.437604,-0.857640,0.149173,-0.225176,-0.297010,-0.915876
