sample,t_s,qw,qx,qy,qz,gp_std_deg,bl_qw,bl_qx,bl_qy,bl_qz
0,0.000000,-0.375356,0.869882,-0.311123,0.074934,22.042400,0.349683,0.880516,-0.167011,0.272984
1,0.002404,-0.378599,0.868446,-0.311053,0.075569,21.482896,0.346374,0.881794,-0.166512,0.273383
2,0.004808,-0.381717,0.867042,-0.310980,0.076300,20.967176,0.343177,0.883006,-0.165944,0.273848
3,0.007212,-0.384706,0.865674,-0.310904,0.077127,20.494293,0.340096,0.884152,-0.165305,0.274380
4,0.009615,-0.387564,0.864343,-0.310830,0.078044,20.063050,0.337133,0.885232,-0.164605,0.274975
5,0.012019,-0.390289,0.863049,-0.310758,0.079054,19.672012,0.334292,0.886244,-0.163840,0.275638
6,0.014423,-0.392880,0.861796,-0.310691,0.080155,19.319522,0.331574,0.887190,-0.163014,0.276370
7,0.016827,-0.395333,0.860583,-0.310633,0.081342,19.003722,0.328981,0.888067,-0.162133,0.277168
8,0.019231,-0.397643,0.859414,-0.310583,0.082613,18.722587,0.326521,0.888874,-0.161199,0.278032
9,0.021635,-0.399811,0.858290,-0.310547,0.083966,18.473950,0.324194,0.889612,-0.160217,0.278962
10,0.024038,-0.401832,0.857212,-0.310527,0.085398,18.255545,0.322002,0.890278,-0.159190,0.279961
11,0.026442,-0.403708,0.856179,-0.310522,0.086908,18.065042,0.319945,0.890875,-0.158119,0.281025
12,0.028846,-0.405440,0.855192,-0.310537,0.088494,17.900082,0.318022,0.891402,-0.157008,0.282158
13,0.031250,-0.407029,0.854251,-0.310571,0.090158,17.758314,0.316234,0.891859,-0.155856,0.283358
14,0.033654,-0.408478,0.853353,-0.310628,0.091896,17.637429,0.314574,0.892249,-0.154667,0.284628
15,0.036058,-0.409788,0.852497,-0.310710,0.093711,17.535187,0.313042,0.892570,-0.153442,0.285969
16,0.038462,-0.410963,0.851682,-0.310818,0.095601,17.449442,0.311635,0.892825,-0.152181,0.287382
17,0.040865,-0.412006,0.850905,-0.310957,0.097562,17.378163,0.310349,0.893012,-0.150893,0.288867
18,0.043269,-0.412918,0.850165,-0.311127,0.099597,17.319450,0.309180,0.893134,-0.149574,0.290425
19,0.045673,-0.413706,0.849457,-0.311329,0.101704,17.271542,0.308123,0.893192,-0.148227,0.292058
20,0.048077,-0.414375,0.848780,-0.311567,0.103880,17.232824,0.307170,0.893186,-0.146857,0.293766
21,0.050481,-0.414930,0.848130,-0.311842,0.106128,17.201833,0.306319,0.893118,-0.145461,0.295549
22,0.052885,-0.415374,0.847504,-0.312155,0.108447,17.177254,0.305562,0.892990,-0.144044,0.297410
23,0.055288,-0.415718,0.846897,-0.312506,0.110833,17.157919,0.304889,0.892804,-0.142605,0.299346
24,0.057692,-0.415968,0.846305,-0.312896,0.113288,17.142798,0.304294,0.892562,-0.141144,0.301358
25,0.060096,-0.416131,0.845724,-0.313328,0.115809,17.130997,0.303769,0.892266,-0.139667,0.303445
26,0.062500,-0.416213,0.845149,-0.313802,0.118395,17.121745,0.303304,0.891918,-0.138173,0.305610
27,0.064904,-0.416222,0.844577,-0.314319,0.121049,17.114390,0.302892,0.891520,-0.136662,0.307852
28,0.067308,-0.416163,0.844003,-0.314880,0.123768,17.108384,0.302528,0.891072,-0.135137,0.310171
29,0.069712,-0.416038,0.843426,-0.315487,0.126545,17.103275,0.302209,0.890575,-0.133602,0.312564
30,0.072115,-0.415851,0.842844,-0.316139,0.129378,17.098699,0.301929,0.890032,-0.132060,0.315028
31,0.074519,-0.415606,0.842254,-0.316838,0.132263,17.094367,0.301686,0.889441,-0.130514,0.317562
32,0.076923,-0.415302,0.841658,-0.317583,0.135197,17.090058,0.301479,0.888804,-0.128966,0.320164
33,0.079327,-0.414941,0.841051,-0.318378,0.138174,17.085610,0.301305,0.888121,-0.127424,0.322831
34,0.081731,-0.414527,0.840436,-0.319219,0.141189,17.080909,0.301163,0.887392,-0.125886,0.325558
35,0.084135,-0.414063,0.839808,-0.320108,0.144241,17.075884,0.301047,0.886621,-0.124357,0.328344
36,0.086538,-0.413554,0.839166,-0.321043,0.147324,17.070498,0.300953,0.885807,-0.122838,0.331186
37,0.088942,-0.413003,0.838509,-0.322024,0.150440,17.064742,0.300878,0.884952,-0.121328,0.334083
38,0.091346,-0.412417,0.837832,-0.323052,0.153582,17.058630,0.300814,0.884059,-0.119834,0.337031
39,0.093750,-0.411802,0.837136,-0.324120,0.156746,17.052191,0.300756,0.883132,-0.118351,0.340024
40,0.096154,-0.411162,0.836418,-0.325228,0.159931,17.045468,0.300701,0.882172,-0.116883,0.343059
41,0.098558,-0.410508,0.835674,-0.326373,0.163135,17.038510,0.300637,0.881184,-0.115427,0.346134
42,0.100962,-0.409847,0.834903,-0.327547,0.166361,17.031370,0.300560,0.880171,-0.113976,0.349246
43,0.103365,-0.409183,0.834102,-0.328750,0.169606,17.024107,0.300463,0.879136,-0.112531,0.352391
44,0.105769,-0.408526,0.833269,-0.329976,0.172872,17.016774,0.300339,0.878082,-0.111089,0.355567
45,0.108173,-0.407882,0.832403,-0.331221,0.176154,17.009424,0.300181,0.877014,-0.109649,0.358768
46,0.110577,-0.407257,0.831500,-0.332483,0.179453,17.002107,0.299985,0.875934,-0.108209,0.361994
47,0.112981,-0.406654,0.830563,-0.333755,0.182771,16.994866,0.299749,0.874844,-0.106762,0.365240
48,0.115385,-0.406078,0.829588,-0.335035,0.186109,16.987739,0.299467,0.873748,-0.105307,0.368504
49,0.117788,-0.405532,0.828577,-0.336317,0.189461,16.980760,0.299138,0.872647,-0.103842,0.371781
50,0.120192,-0.405016,0.827531,-0.337595,0.192829,16.973954,0.298763,0.871543,-0.102365,0.375067
51,0.122596,-0.404530,0.826453,-0.338870,0.196210,16.967342,0.298345,0.870436,-0.100876,0.378358
52,0.125000,-0.404077,0.825342,-0.340137,0.199600,16.960940,0.297879,0.869330,-0.099374,0.381652
53,0.127404,-0.403655,0.824200,-0.341391,0.203001,16.954757,0.297370,0.868224,-0.097857,0.384943
54,0.129808,-0.403266,0.823028,-0.342632,0.206410,16.948800,0.296816,0.867121,-0.096323,0.388231
55,0.132212,-0.402907,0.821830,-0.343852,0.209826,16.943070,0.296223,0.866020,-0.094771,0.391510
56,0.134615,-0.402572,0.820610,-0.345055,0.213244,16.937566,0.295597,0.864920,-0.093204,0.394777
57,0.137019,-0.402257,0.819370,-0.346237,0.216662,16.932285,0.294943,0.863821,-0.091624,0.398030
58,0.139423,-0.401959,0.818113,-0.347396,0.220080,16.927221,0.294266,0.862721,-0.090026,0.401267
59,0.141827,-0.401670,0.816845,-0.348533,0.223495,16.922367,0.293573,0.861620,-0.088415,0.404484
60,0.144231,-0.401387,0.815568,-0.349646,0.226903,16.917716,0.292870,0.860517,-0.086792,0.407682
61,0.146635,-0.401105,0.814287,-0.350730,0.230303,16.913261,0.292164,0.859412,-0.085155,0.410853
62,0.149038,-0.400817,0.813008,-0.351788,0.233685,16.908993,0.291463,0.858304,-0.083511,0.413992
63,0.151442,-0.400517,0.811739,-0.352810,0.237049,16.904906,0.290778,0.857194,-0.081855,0.417093
64,0.153846,-0.400199,0.810484,-0.353794,0.240389,16.900994,0.290116,0.856082,-0.080190,0.420151
65,0.156250,-0.399853,0.809251,-0.354742,0.243697,16.897252,0.289488,0.854966,-0.078521,0.423160
66,0.158654,-0.399474,0.808046,-0.355651,0.246972,16.893674,0.288904,0.853845,-0.076848,0.426119
67,0.161058,-0.399054,0.806872,-0.356522,0.250210,16.890258,0.288371,0.852719,-0.075174,0.429024
68,0.163462,-0.398588,0.805737,-0.357352,0.253408,16.887001,0.287898,0.851586,-0.073499,0.431873
69,0.165865,-0.398071,0.804644,-0.358138,0.256565,16.883903,0.287490,0.850447,-0.071823,0.434661
70,0.168269,-0.397500,0.803596,-0.358881,0.259677,16.880961,0.287153,0.849303,-0.070147,0.437386
71,0.170673,-0.396875,0.802595,-0.359576,0.262747,16.878177,0.286888,0.848154,-0.068469,0.440049
72,0.173077,-0.396196,0.801645,-0.360220,0.265773,16.875550,0.286696,0.847002,-0.066784,0.442644
73,0.175481,-0.395467,0.800745,-0.360813,0.268752,16.873081,0.286575,0.845849,-0.065097,0.445170
74,0.177885,-0.394688,0.799895,-0.361350,0.271689,16.870770,0.286525,0.844698,-0.063399,0.447626
75,0.180288,-0.393864,0.799098,-0.361824,0.274585,16.868617,0.286544,0.843552,-0.061687,0.450009
76,0.182692,-0.392995,0.798353,-0.362234,0.277441,16.866622,0.286631,0.842410,-0.059958,0.452319
77,0.185096,-0.392088,0.797658,-0.362575,0.280265,16.864785,0.286781,0.841277,-0.058202,0.454557
78,0.187500,-0.391146,0.797011,-0.362844,0.283059,16.863103,0.286990,0.840154,-0.056416,0.456722
79,0.189904,-0.390169,0.796415,-0.363035,0.285826,16.861573,0.287259,0.839042,-0.054595,0.458814
80,0.192308,-0.389154,0.795870,-0.363149,0.288570,16.860193,0.287592,0.837939,-0.052735,0.460835
81,0.194712,-0.388097,0.795377,-0.363188,0.291293,16.858958,0.287990,0.836842,-0.050838,0.462788
82,0.197115,-0.386997,0.794932,-0.363156,0.293998,16.857861,0.288454,0.835750,-0.048902,0.464678
83,0.199519,-0.385847,0.794539,-0.363055,0.296685,16.856898,0.288989,0.834658,-0.046931,0.466506
84,0.201923,-0.384638,0.794196,-0.362892,0.299360,16.856060,0.289601,0.833562,-0.044924,0.468282
85,0.204327,-0.383367,0.793902,-0.362673,0.302024,16.855338,0.290292,0.832455,-0.042885,0.470011
86,0.206731,-0.382022,0.793657,-0.362406,0.304681,16.854723,0.291070,0.831330,-0.040818,0.471702
87,0.209135,-0.380595,0.793461,-0.362096,0.307334,16.854206,0.291940,0.830183,-0.038722,0.473358
88,0.211538,-0.379083,0.793310,-0.361750,0.309988,16.853775,0.292902,0.829007,-0.036602,0.474991
89,0.213942,-0.377480,0.793202,-0.361377,0.312643,16.853420,0.293960,0.827798,-0.034460,0.476604
90,0.216346,-0.375778,0.793134,-0.360986,0.315305,16.853130,0.295115,0.826546,-0.032301,0.478210
91,0.218750,-0.373972,0.793103,-0.360587,0.317976,16.852892,0.296371,0.825247,-0.030130,0.479817
92,0.221154,-0.372054,0.793105,-0.360190,0.320661,16.852697,0.297728,0.823892,-0.027951,0.481434
93,0.223558,-0.370022,0.793135,-0.359806,0.323359,16.852532,0.299186,0.822476,-0.025772,0.483070
94,0.225962,-0.367870,0.793188,-0.359444,0.326074,16.852386,0.300746,0.820992,-0.023596,0.484735
95,0.228365,-0.365593,0.793262,-0.359112,0.328809,16.852251,0.302408,0.819435,-0.021427,0.486434
96,0.230769,-0.363197,0.793347,-0.358821,0.331565,16.852115,0.304162,0.817801,-0.019273,0.488176
97,0.233173,-0.360684,0.793435,-0.358580,0.334348,16.851970,0.306001,0.816085,-0.017134,0.489974
98,0.235577,-0.358065,0.793512,-0.358393,0.337169,16.851808,0.307907,0.814287,-0.015008,0.491837
99,0.237981,-0.355349,0.793564,-0.358273,0.340034,16.851621,0.309865,0.812404,-0.012897,0.493778
100,0.240385,-0.352547,0.793579,-0.358222,0.342958,16.851404,0.311857,0.810433,-0.010794,0.495809
101,0.242788,-0.349673,0.793542,-0.358245,0.345949,16.851150,0.313863,0.808375,-0.008695,0.497940
102,0.245192,-0.346741,0.793440,-0.358348,0.349013,16.850856,0.315864,0.806230,-0.006601,0.500180
103,0.247596,-0.343762,0.793264,-0.358533,0.352156,16.850519,0.317846,0.803999,-0.004509,0.502533
104,0.250000,-0.340741,0.793003,-0.358812,0.355380,16.850135,0.319797,0.801678,-0.002427,0.505010
105,0.252404,-0.337685,0.792649,-0.359196,0.358686,16.849705,0.321708,0.799267,-0.000361,0.507619
106,0.254808,-0.334596,0.792196,-0.359690,0.362069,16.849228,0.323572,0.796763,0.001682,0.510360
107,0.257212,-0.331480,0.791642,-0.360305,0.365520,16.848705,0.325383,0.794167,0.003687,0.513236
108,0.259615,-0.328346,0.790979,-0.361046,0.369034,16.848138,0.327131,0.791483,0.005648,0.516245
109,0.262019,-0.325203,0.790202,-0.361919,0.372610,16.847530,0.328804,0.788711,0.007560,0.519390
110,0.264423,-0.322065,0.789306,-0.362921,0.376243,16.846884,0.330389,0.785858,0.009420,0.522667
111,0.266827,-0.318940,0.788292,-0.364046,0.379925,16.846207,0.331882,0.782931,0.011228,0.526067
112,0.269231,-0.315837,0.787162,-0.365292,0.383645,16.845501,0.333277,0.779939,0.012978,0.529579
113,0.271635,-0.312763,0.785919,-0.366654,0.387395,16.844776,0.334572,0.776886,0.014666,0.533193
114,0.274038,-0.309721,0.784569,-0.368128,0.391159,16.844036,0.335768,0.773780,0.016286,0.536897
115,0.276442,-0.306722,0.783116,-0.369709,0.394926,16.843290,0.336862,0.770632,0.017831,0.540678
116,0.278846,-0.303766,0.781565,-0.371395,0.398683,16.842547,0.337855,0.767445,0.019295,0.544527
117,0.281250,-0.300862,0.779919,-0.373184,0.402420,16.841814,0.338744,0.764228,0.020673,0.548435
118,0.283654,-0.298018,0.778185,-0.375064,0.406130,16.841101,0.339529,0.760990,0.021967,0.552387
119,0.286058,-0.295239,0.776370,-0.377022,0.409803,16.840418,0.340211,0.757742,0.023179,0.556369
120,0.288462,-0.292536,0.774483,-0.379046,0.413427,16.839773,0.340788,0.754497,0.024311,0.560364
121,0.290865,-0.289919,0.772534,-0.381121,0.416996,16.839178,0.341260,0.751267,0.025368,0.564354
122,0.293269,-0.287395,0.770527,-0.383232,0.420507,16.838641,0.341626,0.748064,0.026358,0.568329
123,0.295673,-0.284976,0.768465,-0.385363,0.423963,16.838172,0.341878,0.744896,0.027294,0.572280
124,0.298077,-0.282666,0.766352,-0.387503,0.427371,16.837780,0.342018,0.741768,0.028191,0.576203
125,0.300481,-0.280475,0.764196,-0.389636,0.430724,16.837474,0.342042,0.738694,0.029053,0.580082
126,0.302885,-0.278408,0.762008,-0.391746,0.434015,16.837262,0.341957,0.735685,0.029888,0.583901
127,0.305288,-0.276477,0.759791,-0.393817,0.437249,16.837151,0.341754,0.732752,0.030711,0.587653
128,0.307692,-0.274694,0.757552,-0.395836,0.440424,16.837148,0.341432,0.729908,0.031529,0.591325
129,0.310096,-0.273064,0.755294,-0.397789,0.443543,16.837257,0.340988,0.727159,0.032353,0.594912
130,0.312500,-0.271594,0.753024,-0.399668,0.446607,16.837481,0.340422,0.724514,0.033191,0.598407
131,0.314904,-0.270284,0.750755,-0.401455,0.449607,16.837823,0.339744,0.721984,0.034049,0.601792
132,0.317308,-0.269143,0.748504,-0.403133,0.452535,16.838283,0.338959,0.719585,0.034933,0.605049
133,0.319712,-0.268178,0.746282,-0.404687,0.455380,16.838858,0.338071,0.717332,0.035845,0.608160
134,0.322115,-0.267395,0.744100,-0.406108,0.458139,16.839546,0.337081,0.715235,0.036792,0.611115
135,0.324519,-0.266805,0.741961,-0.407382,0.460813,16.840340,0.335986,0.713306,0.037781,0.613906
136,0.326923,-0.266419,0.739870,-0.408494,0.463406,16.841233,0.334780,0.711554,0.038829,0.616526
137,0.329327,-0.266248,0.737823,-0.409432,0.465935,16.842214,0.333454,0.709985,0.039954,0.618978
138,0.331731,-0.266299,0.735813,-0.410188,0.468412,16.843271,0.331996,0.708600,0.041170,0.621264
139,0.334135,-0.266583,0.733832,-0.410753,0.470857,16.844390,0.330395,0.707400,0.042500,0.623393
140,0.336538,-0.267106,0.731869,-0.411120,0.473290,16.845554,0.328637,0.706382,0.043961,0.625372
141,0.338942,-0.267882,0.729910,-0.411280,0.475730,16.846747,0.326703,0.705546,0.045573,0.627211
142,0.341346,-0.268917,0.727940,-0.411231,0.478201,16.847949,0.324578,0.704884,0.047355,0.628924
143,0.343750,-0.270216,0.725934,-0.410974,0.480733,16.849140,0.322241,0.704384,0.049326,0.630532
144,0.346154,-0.271788,0.723866,-0.410511,0.483353,16.850301,0.319667,0.704034,0.051507,0.632057
145,0.348558,-0.273637,0.721713,-0.409845,0.486086,16.851410,0.316838,0.703819,0.053911,0.633519
146,0.350962,-0.275761,0.719449,-0.408984,0.488959,16.852448,0.313735,0.703720,0.056550,0.634942
147,0.353365,-0.278163,0.717049,-0.407937,0.491990,16.853397,0.310339,0.703721,0.059435,0.636345
148,0.355769,-0.280837,0.714487,-0.406712,0.495201,16.854239,0.306637,0.703801,0.062571,0.637749
149,0.358173,-0.283781,0.711746,-0.405318,0.498602,16.854960,0.302616,0.703944,0.065962,0.639168
150,0.360577,-0.286986,0.708812,-0.403759,0.502199,16.855550,0.298276,0.704135,0.069608,0.640609
151,0.362981,-0.290442,0.705679,-0.402045,0.505985,16.856002,0.293617,0.704364,0.073497,0.642074
152,0.365385,-0.294142,0.702349,-0.400177,0.509945,16.856314,0.288646,0.704626,0.077618,0.643553
153,0.367788,-0.298081,0.698829,-0.398159,0.514058,16.856490,0.283372,0.704921,0.081953,0.645035
154,0.370192,-0.302244,0.695130,-0.395997,0.518295,16.856541,0.277812,0.705250,0.086477,0.646502
155,0.372596,-0.306619,0.691262,-0.393712,0.522621,16.856483,0.271983,0.705608,0.091153,0.647945
156,0.375000,-0.311191,0.687237,-0.391320,0.527006,16.856342,0.265905,0.705995,0.095944,0.649354
157,0.377404,-0.315952,0.683062,-0.388838,0.531419,16.856152,0.259586,0.706409,0.100820,0.650720
158,0.379808,-0.320886,0.678749,-0.386284,0.535833,16.855956,0.253047,0.706849,0.105747,0.652035
159,0.382212,-0.325977,0.674304,-0.383683,0.540223,16.855804,0.246304,0.707305,0.110690,0.653300
160,0.384615,-0.331203,0.669731,-0.381067,0.544566,16.855759,0.239376,0.707767,0.115612,0.654522
161,0.387019,-0.336529,0.665030,-0.378475,0.548853,16.855892,0.232285,0.708210,0.120475,0.655720
162,0.389423,-0.341916,0.660194,-0.375956,0.553077,16.856283,0.225057,0.708599,0.125244,0.656925
163,0.391827,-0.347313,0.655212,-0.373563,0.557244,16.857022,0.217717,0.708892,0.129882,0.658181
164,0.394231,-0.352659,0.650072,-0.371355,0.561367,16.858209,0.210303,0.709038,0.134359,0.659534
165,0.396635,-0.357895,0.644763,-0.369389,0.565459,16.859952,0.202846,0.708986,0.138643,0.661037
166,0.399038,-0.362956,0.639283,-0.367711,0.569535,16.862364,0.195393,0.708689,0.142711,0.662733
167,0.401442,-0.367775,0.633644,-0.366364,0.573598,16.865568,0.187997,0.708110,0.146537,0.664653
168,0.403846,-0.372296,0.627851,-0.365386,0.577660,16.869692,0.180705,0.707211,0.150100,0.666834
169,0.406250,-0.376456,0.621926,-0.364803,0.581728,16.874867,0.173574,0.705963,0.153389,0.669299
170,0.408654,-0.380196,0.615895,-0.364632,0.585806,16.881226,0.166665,0.704343,0.156394,0.672061
171,0.411058,-0.383451,0.609790,-0.364887,0.589897,16.888905,0.160046,0.702328,0.159106,0.675134
172,0.413462,-0.386170,0.603649,-0.365571,0.594002,16.898036,0.153781,0.699908,0.161525,0.678520
173,0.415865,-0.388301,0.597517,-0.366682,0.598114,16.908751,0.147938,0.697078,0.163647,0.682214
174,0.418269,-0.389788,0.591449,-0.368212,0.602223,16.921176,0.142596,0.693839,0.165471,0.686202
175,0.420673,-0.390592,0.585503,-0.370146,0.606314,16.935427,0.137823,0.690203,0.166996,0.690461
176,0.423077,-0.390684,0.579744,-0.372457,0.610359,16.951613,0.133685,0.686196,0.168222,0.694956
177,0.425481,-0.390046,0.574242,-0.375112,0.614330,16.969832,0.130246,0.681855,0.169152,0.699641
178,0.427885,-0.388676,0.569062,-0.378064,0.618197,16.990165,0.127552,0.677223,0.169799,0.704463
179,0.430288,-0.386576,0.564269,-0.381268,0.621928,17.012679,0.125648,0.672349,0.170172,0.709367
180,0.432692,-0.383746,0.559928,-0.384684,0.625490,17.037424,0.124579,0.667279,0.170275,0.714301
181,0.435096,-0.380195,0.556094,-0.388264,0.628859,17.064428,0.124379,0.662056,0.170126,0.719214
182,0.437500,-0.375928,0.552820,-0.391956,0.632012,17.093698,0.125081,0.656724,0.169745,0.724055
183,0.439904,-0.370958,0.550159,-0.395709,0.634925,17.125219,0.126714,0.651328,0.169151,0.728768
184,0.442308,-0.365297,0.548164,-0.399469,0.637573,17.158953,0.129307,0.645914,0.168364,0.733299
185,0.444712,-0.358976,0.546887,-0.403181,0.639919,17.194836,0.132873,0.640542,0.167399,0.737583
186,0.447115,-0.352047,0.546372,-0.406787,0.641923,17.232778,0.137409,0.635278,0.166267,0.741550
187,0.449519,-0.344571,0.546668,-0.410222,0.643539,17.272667,0.142904,0.630202,0.164980,0.745121
188,0.451923,-0.336628,0.547810,-0.413428,0.644720,17.314363,0.149328,0.625392,0.163548,0.748223
189,0.454327,-0.328309,0.549825,-0.416352,0.645413,17.357704,0.156635,0.620934,0.161970,0.750781
190,0.456731,-0.319710,0.552738,-0.418943,0.645564,17.402502,0.164775,0.616914,0.160245,0.752720
191,0.459135,-0.310934,0.556562,-0.421160,0.645123,17.448549,0.173685,0.613412,0.158365,0.753976
192,0.461538,-0.302083,0.561305,-0.422965,0.644037,17.495615,0.183298,0.610508,0.156322,0.754484
193,0.463942,-0.293264,0.566965,-0.424314,0.642265,17.543453,0.193536,0.608274,0.154114,0.754185
194,0.466346,-0.284584,0.573530,-0.425175,0.639767,17.591797,0.204316,0.606778,0.151739,0.753028
195,0.468750,-0.276154,0.580980,-0.425523,0.636500,17.640369,0.215544,0.606085,0.149183,0.750963
196,0.471154,-0.268090,0.589286,-0.425328,0.632428,17.688877,0.227120,0.606256,0.146442,0.747947
197,0.473558,-0.260511,0.598406,-0.424570,0.627523,17.737022,0.238927,0.607346,0.143509,0.743942
198,0.475962,-0.253555,0.608287,-0.423238,0.621744,17.784499,0.250833,0.609414,0.140365,0.738914
199,0.478365,-0.247354,0.618864,-0.421325,0.615068,17.830999,0.262697,0.612509,0.136997,0.732841
200,0.480769,-0.244588,0.627109,-0.417113,0.610678,17.876213,0.270483,0.616383,0.136871,0.726758
201,0.483173,-0.251780,0.625978,-0.411616,0.612642,17.919836,0.264598,0.620669,0.142147,0.724260
202,0.485577,-0.264960,0.618736,-0.408431,0.616560,17.961569,0.250157,0.624867,0.147170,0.724778
203,0.487981,-0.275531,0.613281,-0.403836,0.620391,18.001120,0.238825,0.628485,0.153127,0.724238
204,0.490385,-0.282953,0.607281,-0.397068,0.627284,18.038211,0.229334,0.629490,0.162787,0.724326
205,0.492788,-0.290226,0.598972,-0.394861,0.633314,18.072578,0.218317,0.628758,0.168612,0.727029
206,0.495192,-0.295759,0.590273,-0.395278,0.638639,18.103975,0.208253,0.626519,0.172082,0.731090
207,0.497596,-0.299569,0.581745,-0.397173,0.643494,18.132173,0.199529,0.623183,0.174176,0.735863
208,0.500000,-0.302400,0.573389,-0.398971,0.648537,18.156969,0.191618,0.619277,0.176470,0.740700
209,0.502404,-0.301644,0.565532,-0.396994,0.656948,18.178180,0.186597,0.613186,0.183815,0.745249
210,0.504808,-0.300070,0.558066,-0.396966,0.664032,18.195651,0.182431,0.606794,0.188844,0.750238
211,0.507212,-0.296674,0.552371,-0.397577,0.669928,18.209252,0.180805,0.600365,0.192581,0.754840
212,0.509615,-0.293898,0.545182,-0.395644,0.678134,18.218884,0.177685,0.593319,0.199751,0.759276
213,0.512019,-0.291904,0.538232,-0.391319,0.686999,18.224474,0.174180,0.586995,0.209077,0.762486
214,0.514423,-0.288040,0.534629,-0.383311,0.695901,18.225983,0.174365,0.581715,0.221034,0.763118
215,0.516827,-0.286481,0.531658,-0.372934,0.704407,18.223398,0.173366,0.578512,0.234387,0.761795
216,0.519231,-0.285990,0.529219,-0.360381,0.712926,18.216740,0.171989,0.576439,0.249287,0.758942
217,0.521635,-0.286631,0.526737,-0.346692,0.721246,18.206059,0.169781,0.575137,0.264849,0.755147
218,0.524038,-0.288673,0.525138,-0.331611,0.728651,18.191434,0.167206,0.575451,0.280750,0.749719
219,0.526442,-0.290488,0.523919,-0.315094,0.736099,18.172975,0.165061,0.575872,0.297696,0.743306
220,0.528846,-0.293214,0.522623,-0.299265,0.742517,18.150818,0.162217,0.576884,0.313426,0.736651
221,0.531250,-0.295204,0.521719,-0.282975,0.748725,18.125126,0.160171,0.577652,0.329334,0.729522
222,0.533654,-0.297522,0.520038,-0.267668,0.754583,18.096090,0.157342,0.578102,0.344301,0.722840
223,0.536058,-0.299892,0.518627,-0.253606,0.759457,18.063920,0.154669,0.578780,0.357691,0.716344
224,0.538462,-0.301243,0.517931,-0.239466,0.763974,18.028850,0.153221,0.579243,0.370883,0.709540
225,0.540865,-0.303130,0.517881,-0.226127,0.767319,17.991133,0.151852,0.580543,0.382680,0.702472
226,0.543269,-0.303875,0.518861,-0.212420,0.770273,17.951036,0.152019,0.581762,0.394461,0.694869
227,0.545673,-0.304847,0.519726,-0.199878,0.772659,17.908844,0.151943,0.583061,0.405017,0.687688
228,0.548077,-0.306727,0.520542,-0.187814,0.774390,17.864848,0.151190,0.584968,0.414772,0.680381
229,0.550481,-0.308748,0.521354,-0.175653,0.775894,17.819352,0.150335,0.586971,0.424434,0.672845
230,0.552885,-0.311764,0.522207,-0.164577,0.776542,17.772662,0.148806,0.589707,0.432725,0.665471
231,0.555288,-0.315059,0.523108,-0.152824,0.777007,17.725087,0.147113,0.592674,0.441364,0.657490
232,0.557692,-0.319371,0.523706,-0.141617,0.776968,17.676936,0.144486,0.596146,0.449261,0.649537
233,0.560096,-0.324027,0.524158,-0.131055,0.776588,17.628512,0.141514,0.599758,0.456461,0.641801
234,0.562500,-0.328397,0.524217,-0.120781,0.776379,17.580112,0.138466,0.602889,0.463577,0.634388
235,0.564904,-0.333224,0.524093,-0.111664,0.775770,17.532025,0.134964,0.606215,0.469594,0.627511
236,0.567308,-0.337775,0.523813,-0.102134,0.775304,17.484524,0.131549,0.609235,0.476003,0.620442
237,0.569712,-0.342355,0.523429,-0.093175,0.774683,17.437869,0.128039,0.612201,0.481899,0.613669
238,0.572115,-0.346795,0.522891,-0.084684,0.774046,17.392302,0.124519,0.614960,0.487453,0.607214
239,0.574519,-0.350920,0.521873,-0.076473,0.773729,17.348047,0.120882,0.617157,0.493035,0.601183
240,0.576923,-0.355233,0.520723,-0.069348,0.773206,17.305304,0.117019,0.619395,0.497703,0.595775
241,0.579327,-0.359189,0.519078,-0.062320,0.773083,17.264252,0.113058,0.621029,0.502585,0.590719
242,0.581731,-0.362903,0.517404,-0.055919,0.772960,17.225046,0.109248,0.622471,0.507025,0.586106
243,0.584135,-0.366317,0.515684,-0.049716,0.772923,17.187816,0.105619,0.623669,0.511385,0.581694
244,0.586538,-0.369426,0.513519,-0.043529,0.773258,17.152666,0.101890,0.624336,0.515996,0.577556
245,0.588942,-0.372464,0.511483,-0.038076,0.773438,17.119675,0.098301,0.625045,0.519980,0.573827
246,0.591346,-0.374910,0.509190,-0.032880,0.774007,17.088900,0.094950,0.625154,0.524055,0.570555
247,0.593750,-0.377148,0.506878,-0.028274,0.774619,17.060369,0.091733,0.625101,0.527745,0.567731
248,0.596154,-0.379214,0.504521,-0.023965,0.775294,17.034089,0.088606,0.624895,0.531270,0.565161
249,0.598558,-0.380773,0.501958,-0.019741,0.776312,17.010044,0.085691,0.624186,0.534976,0.562894
250,0.600962,-0.382112,0.499683,-0.015834,0.777210,16.988198,0.083135,0.623524,0.538374,0.560767
251,0.603365,-0.383053,0.497170,-0.011995,0.778427,16.968496,0.080693,0.622412,0.541949,0.558913
252,0.605769,-0.383790,0.494764,-0.008503,0.779642,16.950864,0.078471,0.621231,0.545278,0.557303
253,0.608173,-0.384233,0.492466,-0.005285,0.780906,16.935215,0.076532,0.619920,0.548447,0.555921
254,0.610577,-0.384191,0.489981,-0.002239,0.782503,16.921448,0.074805,0.618132,0.551730,0.554897
255,0.612981,-0.384025,0.487763,0.000622,0.783972,16.909451,0.073354,0.616447,0.554792,0.553912
256,0.615385,-0.383462,0.485352,0.003360,0.785734,16.899105,0.072047,0.614345,0.557974,0.553223
257,0.617788,-0.382661,0.482987,0.005923,0.787565,16.890283,0.070941,0.612105,0.561081,0.552705
258,0.620192,-0.381635,0.480762,0.008372,0.789400,16.882855,0.070094,0.609807,0.564110,0.552271
259,0.622596,-0.380178,0.478378,0.010671,0.791521,16.876689,0.069437,0.607091,0.567235,0.552144
260,0.625000,-0.378678,0.476166,0.012832,0.793539,16.871653,0.068934,0.604466,0.570190,0.552044
261,0.627404,-0.376825,0.473867,0.014861,0.795759,16.867617,0.068619,0.601530,0.573195,0.552178
262,0.629808,-0.374701,0.471656,0.016797,0.798034,16.864454,0.068557,0.598465,0.576172,0.552418
263,0.632212,-0.372506,0.469564,0.018647,0.800251,16.862043,0.068630,0.595434,0.579048,0.552677
264,0.634615,-0.370023,0.467343,0.020357,0.802658,16.860269,0.068816,0.592107,0.581959,0.553170
265,0.637019,-0.367520,0.465328,0.022118,0.804929,16.859023,0.069161,0.588912,0.584810,0.553531
266,0.639423,-0.364782,0.463283,0.023868,0.807300,16.858208,0.069651,0.585530,0.587724,0.553970
267,0.641827,-0.361927,0.461239,0.025597,0.809698,16.857731,0.070224,0.582067,0.590643,0.554443
268,0.644231,-0.359140,0.459341,0.027399,0.811957,16.857513,0.070853,0.578753,0.593514,0.554767
269,0.646635,-0.356131,0.457423,0.029155,0.814301,16.857481,0.071624,0.575269,0.596414,0.555181
270,0.649038,-0.353241,0.455653,0.031029,0.816479,16.857573,0.072416,0.571974,0.599279,0.555397
271,0.651442,-0.350334,0.453870,0.032977,0.818646,16.857738,0.073211,0.568658,0.602188,0.555552
272,0.653846,-0.347401,0.452043,0.035002,0.820819,16.857932,0.073994,0.565292,0.605157,0.555657
273,0.656250,-0.344650,0.450253,0.037220,0.822863,16.858120,0.074673,0.562081,0.608170,0.555533
274,0.658654,-0.341818,0.448383,0.039507,0.824956,16.858277,0.075353,0.558756,0.611268,0.555396
275,0.661058,-0.339206,0.446555,0.041985,0.826901,16.858385,0.075907,0.555617,0.614395,0.555019
276,0.663462,-0.336741,0.444698,0.044575,0.828771,16.858430,0.076337,0.552561,0.617549,0.554510
277,0.665865,-0.334353,0.442781,0.047286,0.830612,16.858409,0.076671,0.549517,0.620768,0.553895
278,0.668269,-0.332238,0.440826,0.050251,0.832325,16.858320,0.076784,0.546639,0.624076,0.553010
279,0.670673,-0.330138,0.438704,0.053267,0.834093,16.858166,0.076768,0.543653,0.627458,0.552127
280,0.673077,-0.328270,0.436481,0.056421,0.835787,16.857957,0.076517,0.540761,0.630886,0.551095
281,0.675481,-0.326544,0.434178,0.059671,0.837435,16.857700,0.076109,0.537912,0.634349,0.549962
282,0.677885,-0.324846,0.431807,0.062895,0.839084,16.857409,0.075633,0.535034,0.637796,0.548848
283,0.680288,-0.323397,0.429390,0.066150,0.840632,16.857095,0.074948,0.532301,0.641192,0.547642
284,0.682692,-0.321903,0.426897,0.069290,0.842221,16.856773,0.074242,0.529482,0.644535,0.546545
285,0.685096,-0.320478,0.424355,0.072358,0.843790,16.856454,0.073452,0.526676,0.647814,0.545485
286,0.687500,-0.319089,0.421764,0.075298,0.845356,16.856151,0.072602,0.523862,0.651001,0.544513
287,0.689904,-0.317587,0.419165,0.078014,0.846967,16.855874,0.071826,0.520962,0.654061,0.543732
288,0.692308,-0.316172,0.416607,0.080581,0.848517,16.855634,0.071018,0.518153,0.656971,0.543012
289,0.694712,-0.314619,0.414127,0.082891,0.850084,16.855437,0.070363,0.515301,0.659713,0.542487
290,0.697115,-0.313028,0.411740,0.084995,0.851622,16.855288,0.069800,0.512488,0.662288,0.542087
291,0.699519,-0.311417,0.409445,0.086890,0.853127,16.855192,0.069316,0.509726,0.664692,0.541811
292,0.701923,-0.309626,0.407258,0.088505,0.854658,16.855149,0.069037,0.506913,0.666917,0.541752
293,0.704327,-0.307864,0.405169,0.089953,0.856134,16.855159,0.068805,0.504191,0.668985,0.541772
294,0.706731,-0.305977,0.403205,0.091201,0.857605,16.855218,0.068751,0.501468,0.670907,0.541929
295,0.709135,-0.304054,0.401371,0.092279,0.859032,16.855324,0.068814,0.498811,0.672679,0.542177
296,0.711538,-0.302187,0.399639,0.093244,0.860394,16.855471,0.068909,0.496266,0.674323,0.542457
297,0.713942,-0.300225,0.398025,0.094098,0.861735,16.855652,0.069155,0.493738,0.675875,0.542801
298,0.716346,-0.298369,0.396484,0.094904,0.863000,16.855860,0.069378,0.491335,0.677340,0.543127
299,0.718750,-0.296507,0.395022,0.095633,0.864231,16.856089,0.069660,0.488985,0.678726,0.543481
300,0.721154,-0.294673,0.393634,0.096327,0.865414,16.856332,0.069975,0.486707,0.680053,0.543827
301,0.723558,-0.292961,0.392300,0.097024,0.866522,16.856580,0.070244,0.484553,0.681330,0.544118
302,0.725962,-0.291222,0.391064,0.097698,0.867591,16.856830,0.070599,0.482449,0.682563,0.544397
303,0.728365,-0.289614,0.389893,0.098399,0.868576,16.857076,0.070908,0.480484,0.683755,0.544597
304,0.730769,-0.288038,0.388813,0.099118,0.869502,16.857313,0.071259,0.478606,0.684918,0.544744
305,0.733173,-0.286482,0.387833,0.099870,0.870367,16.857541,0.071667,0.476813,0.686062,0.544824
306,0.735577,-0.285046,0.386922,0.100682,0.871151,16.857760,0.072037,0.475153,0.687189,0.544804
307,0.737981,-0.283578,0.386114,0.101538,0.871888,16.857969,0.072504,0.473544,0.688317,0.544720
308,0.740385,-0.282205,0.385374,0.102473,0.872552,16.858173,0.072951,0.472050,0.689446,0.544528
309,0.742788,-0.280873,0.384716,0.103496,0.873151,16.858377,0.073428,0.470642,0.690593,0.544228
310,0.745192,-0.279541,0.384153,0.104628,0.873691,16.858588,0.073971,0.469303,0.691776,0.543810
311,0.747596,-0.278320,0.383654,0.105878,0.874150,16.858814,0.074482,0.468086,0.692984,0.543250
312,0.750000,-0.277081,0.383248,0.107252,0.874554,16.859066,0.075071,0.466923,0.694242,0.542564
313,0.752404,-0.275909,0.382899,0.108775,0.874889,16.859353,0.075653,0.465848,0.695555,0.541725
314,0.754808,-0.274774,0.382609,0.110439,0.875164,16.859690,0.076251,0.464840,0.696927,0.540743
315,0.757212,-0.273621,0.382388,0.112255,0.875391,16.860089,0.076909,0.463868,0.698371,0.539619
316,0.759615,-0.272556,0.382192,0.114242,0.875552,16.860563,0.077524,0.462977,0.699890,0.538328
317,0.762019,-0.271465,0.382050,0.116412,0.875667,16.861126,0.078195,0.462105,0.701506,0.536875
318,0.764423,-0.270416,0.381934,0.118766,0.875726,16.861792,0.078856,0.461281,0.703212,0.535251
319,0.766827,-0.269403,0.381831,0.121311,0.875735,16.862575,0.079499,0.460491,0.705018,0.533458
320,0.769231,-0.268345,0.381752,0.124053,0.875710,16.863486,0.080191,0.459688,0.706939,0.531502
321,0.771635,-0.267330,0.381657,0.126985,0.875641,16.864537,0.080841,0.458903,0.708964,0.529380
322,0.774038,-0.266253,0.381568,0.130117,0.875548,16.865740,0.081540,0.458079,0.711112,0.527100
323,0.776442,-0.265146,0.381476,0.133453,0.875422,16.867103,0.082257,0.457231,0.713382,0.524651
324,0.778846,-0.264014,0.381379,0.136989,0.875260,16.868635,0.082989,0.456362,0.715768,0.522037
325,0.781250,-0.262774,0.381291,0.140740,0.875076,16.870342,0.083804,0.455423,0.718291,0.519254
326,0.783654,-0.261499,0.381184,0.144691,0.874861,16.872231,0.084630,0.454446,0.720932,0.516308
327,0.786058,-0.260104,0.381077,0.148837,0.874628,16.874304,0.085541,0.453383,0.723699,0.513212
328,0.788462,-0.258596,0.380954,0.153170,0.874380,16.876566,0.086520,0.452231,0.726588,0.509973
329,0.790865,-0.257003,0.380796,0.157680,0.874117,16.879018,0.087535,0.450992,0.729590,0.506598
330,0.793269,-0.255253,0.380616,0.162371,0.873849,16.881661,0.088645,0.449627,0.732718,0.503091
331,0.795673,-0.253421,0.380385,0.167221,0.873569,16.884494,0.089777,0.448168,0.735949,0.499464
332,0.798077,-0.251462,0.380099,0.172227,0.873287,16.887519,0.090960,0.446581,0.739289,0.495724
333,0.800481,-0.249375,0.379746,0.177372,0.873009,16.890734,0.092186,0.444856,0.742732,0.491889
334,0.802885,-0.247200,0.379297,0.182629,0.872738,16.894139,0.093407,0.443000,0.746258,0.487981
335,0.805288,-0.244869,0.378758,0.187995,0.872490,16.897734,0.094673,0.440971,0.749876,0.484012
336,0.807692,-0.242448,0.378106,0.193439,0.872259,16.901520,0.095925,0.438798,0.753563,0.479998
337,0.810096,-0.239907,0.377342,0.198954,0.872052,16.905496,0.097181,0.436461,0.757315,0.475952
338,0.812500,-0.237237,0.376467,0.204527,0.871871,16.909664,0.098450,0.433954,0.761129,0.471884
339,0.814904,-0.234483,0.375468,0.210126,0.871716,16.914027,0.099691,0.431300,0.764978,0.467815
340,0.817308,-0.231586,0.374357,0.215752,0.871594,16.918587,0.100954,0.428467,0.768869,0.463750
341,0.819712,-0.228600,0.373123,0.221370,0.871503,16.923347,0.102193,0.425482,0.772777,0.459713
342,0.822115,-0.225513,0.371762,0.226970,0.871448,16.928312,0.103414,0.422337,0.776699,0.455715
343,0.824519,-0.222314,0.370285,0.232537,0.871431,16.933483,0.104631,0.419031,0.780623,0.451766
344,0.826923,-0.219056,0.368677,0.238042,0.871452,16.938865,0.105798,0.415590,0.784530,0.447888
345,0.829327,-0.215697,0.366948,0.243488,0.871514,16.944459,0.106951,0.411992,0.788426,0.444082
346,0.831731,-0.212278,0.365101,0.248847,0.871616,16.950266,0.108062,0.408268,0.792287,0.440364
347,0.834135,-0.208803,0.363137,0.254110,0.871757,16.956286,0.109131,0.404422,0.796109,0.436743
348,0.836538,-0.205252,0.361066,0.259273,0.871941,16.962514,0.110177,0.400447,0.799889,0.433221
349,0.838942,-0.201677,0.358894,0.264311,0.872159,16.968943,0.111169,0.396383,0.803606,0.429813
350,0.841346,-0.198040,0.356635,0.269230,0.872415,16.975563,0.112143,0.392214,0.807264,0.426516
351,0.843750,-0.194374,0.354297,0.274014,0.872702,16.982357,0.113083,0.387969,0.810851,0.423337
352,0.846154,-0.190697,0.351890,0.278655,0.873018,16.989306,0.113981,0.383667,0.814355,0.420278
353,0.848558,-0.186993,0.349423,0.283160,0.873360,16.996385,0.114855,0.379304,0.817783,0.417334
354,0.850962,-0.183309,0.346907,0.287502,0.873725,17.003561,0.115681,0.374919,0.821112,0.414522
355,0.853365,-0.179624,0.344346,0.291689,0.874116,17.010800,0.116476,0.370503,0.824349,0.411838
356,0.855769,-0.175957,0.341752,0.295711,0.874528,17.018058,0.117235,0.366076,0.827484,0.409286
357,0.858173,-0.172331,0.339134,0.299560,0.874959,17.025289,0.117947,0.361660,0.830511,0.406869
358,0.860577,-0.168724,0.336502,0.303248,0.875408,17.032444,0.118637,0.357249,0.833436,0.404579
359,0.862981,-0.165180,0.333872,0.306758,0.875868,17.039469,0.119283,0.352883,0.836243,0.402422
360,0.865385,-0.161684,0.331249,0.310103,0.876338,17.046312,0.119900,0.348556,0.838941,0.400389
361,0.867788,-0.158246,0.328643,0.313286,0.876815,17.052920,0.120489,0.344283,0.841528,0.398475
362,0.870192,-0.154887,0.326069,0.316297,0.877294,17.059248,0.121044,0.340088,0.843996,0.396685
363,0.872596,-0.151585,0.323533,0.319153,0.877775,17.065254,0.121586,0.335959,0.846356,0.395006
364,0.875000,-0.148374,0.321047,0.321842,0.878255,17.070912,0.122098,0.331930,0.848597,0.393443
365,0.877404,-0.145243,0.318618,0.324376,0.878731,17.076209,0.122594,0.327999,0.850725,0.391988
366,0.879808,-0.142200,0.316256,0.326759,0.879198,17.081158,0.123076,0.324177,0.852741,0.390634
367,0.882212,-0.139264,0.313973,0.328987,0.879656,17.085795,0.123538,0.320487,0.854639,0.389381
368,0.884615,-0.136418,0.311772,0.331072,0.880102,17.090192,0.123994,0.316918,0.856430,0.388223
369,0.887019,-0.133683,0.309666,0.333008,0.880535,17.094463,0.124439,0.313495,0.858104,0.387160
370,0.889423,-0.131056,0.307662,0.334800,0.880952,17.098771,0.124879,0.310221,0.859667,0.386188
371,0.891827,-0.128533,0.305766,0.336460,0.881352,17.103335,0.125323,0.307096,0.861123,0.385296
372,0.894231,-0.126136,0.303992,0.337979,0.881730,17.108445,0.125763,0.304146,0.862465,0.384490
373,0.896635,-0.123850,0.302337,0.339376,0.882087,17.114463,0.126209,0.301360,0.863705,0.383755
374,0.899038,-0.121691,0.300809,0.340652,0.882418,17.121838,0.126655,0.298753,0.864841,0.383086
375,0.901442,-0.119650,0.299416,0.341816,0.882720,17.131117,0.127114,0.296325,0.865878,0.382477
376,0.903846,-0.117712,0.298155,0.342885,0.882993,17.142952,0.127593,0.294063,0.866827,0.381914
377,0.906250,-0.115885,0.297037,0.343868,0.883230,17.158110,0.128094,0.291980,0.867689,0.381386
378,0.908654,-0.114135,0.296059,0.344795,0.883424,17.177483,0.128639,0.290051,0.868482,0.380868
379,0.911058,-0.112462,0.295225,0.345688,0.883569,17.202099,0.129233,0.288278,0.869216,0.380340
380,0.913462,-0.110845,0.294538,0.346569,0.883658,17.233123,0.129891,0.286649,0.869901,0.379779
381,0.915865,-0.109256,0.293990,0.347470,0.883684,17.271869,0.130627,0.285138,0.870557,0.379161
382,0.918269,-0.107694,0.293585,0.348409,0.883641,17.319799,0.131445,0.283748,0.871190,0.378466
383,0.920673,-0.106127,0.293319,0.349413,0.883522,17.378526,0.132365,0.282451,0.871817,0.377672
384,0.923077,-0.104542,0.293187,0.350505,0.883322,17.449810,0.133392,0.281237,0.872448,0.376759
385,0.925481,-0.102927,0.293195,0.351701,0.883034,17.535551,0.134539,0.280101,0.873089,0.375709
386,0.927885,-0.101258,0.293331,0.353025,0.882653,17.637780,0.135816,0.279017,0.873757,0.374504
387,0.930288,-0.099536,0.293595,0.354485,0.882176,17.758644,0.137221,0.277985,0.874452,0.373134
388,0.932692,-0.097739,0.293983,0.356100,0.881597,17.900383,0.138766,0.276989,0.875184,0.371583
389,0.935096,-0.095860,0.294488,0.357876,0.880916,18.065311,0.140451,0.276017,0.875958,0.369845
390,0.937500,-0.093897,0.295114,0.359819,0.880126,18.255778,0.142282,0.275072,0.876774,0.367912
391,0.939904,-0.091826,0.295854,0.361944,0.879224,18.474149,0.144270,0.274131,0.877638,0.365772
392,0.942308,-0.089655,0.296707,0.364250,0.878208,18.722756,0.146408,0.273199,0.878550,0.363423
393,0.944712,-0.087371,0.297669,0.366743,0.877074,19.003871,0.148703,0.272264,0.879512,0.360858
394,0.947115,-0.084973,0.298735,0.369427,0.875820,19.319663,0.151153,0.271322,0.880522,0.358074
395,0.949519,-0.082457,0.299910,0.372299,0.874442,19.672162,0.153762,0.270374,0.881579,0.355069
396,0.951923,-0.079809,0.301186,0.375364,0.872937,20.063231,0.156538,0.269404,0.882682,0.351838
397,0.954327,-0.077034,0.302564,0.378618,0.871303,20.494530,0.159474,0.268416,0.883828,0.348381
398,0.956731,-0.074122,0.304044,0.382061,0.869536,20.967500,0.162579,0.267404,0.885013,0.344697
399,0.959135,-0.071073,0.305622,0.385693,0.867632,21.483338,0.165851,0.266363,0.886234,0.340782
