moment,front_frame,rear_frame,t_from_impact_s,imu_sample,qw,qx,qy,qz,tx,ty,tz,rms_front_px,rms_rear_px,sigma_roll_x_deg,sigma_y_deg,sigma_z_deg
0,117,158,-0.466700,5.900000,0.429340,-0.842703,0.320342,-0.053845,-0.281849,0.521266,7.401770,12.444573,5.422297,6.095988,1.393315,1.494478
1,118,159,-0.433300,19.700000,0.425408,-0.837476,0.334728,-0.074963,-0.244756,0.533503,7.377430,8.683010,3.301602,6.162229,1.411795,1.503236
2,119,160,-0.400000,33.600000,0.421269,-0.833779,0.335596,-0.121329,-0.199444,0.536772,7.352894,7.557316,1.666985,6.233133,1.440421,1.526132
3,120,161,-0.366700,47.500000,0.424186,-0.821100,0.352652,-0.146618,-0.169999,0.537257,7.339035,5.006625,3.596009,6.254349,1.444805,1.541207
4,121,162,-0.333300,61.300000,0.357021,-0.834182,0.376360,-0.187161,-0.120416,0.530213,7.320288,5.181497,4.485241,6.633414,1.551323,1.487826
5,122,163,-0.300000,75.200000,0.409823,-0.801465,0.360765,-0.244024,-0.083204,0.542437,7.300928,6.133384,4.607862,6.269431,1.456795,1.562626
6,123,164,-0.266700,89.100000,0.354416,-0.804133,0.364040,-0.308600,-0.036446,0.534352,7.290214,7.767368,4.821789,6.377377,1.479497,1.494148
7,124,165,-0.233300,102.900000,0.330454,-0.789413,0.396061,-0.332811,0.006137,0.531860,7.264871,4.725133,5.352965,6.382350,1.476500,1.485420
8,125,166,-0.200000,116.800000,0.269537,-0.792346,0.433189,-0.334492,0.054049,0.535702,7.255994,4.674100,8.943366,6.585925,1.521649,1.435872
9,126,167,-0.166700,130.700000,0.266943,-0.760971,0.402172,-0.433501,0.098004,0.507615,7.254328,8.845641,6.054033,6.103782,1.376635,1.403546
10,127,168,-0.133300,144.500000,-0.594637,-0.498212,0.595021,0.210099,0.153205,0.482765,7.225238,8.413891,26.099334,5.841257,1.281360,1.524777
11,128,169,-0.100000,158.400000,0.275568,-0.685398,0.432391,-0.517040,0.195173,0.473379,7.196983,6.852767,5.150953,5.656912,1.258799,1.454903
12,129,170,-0.066700,172.300000,0.357394,-0.615814,0.353554,-0.606665,0.230172,0.461374,7.207976,6.460562,6.792336,5.503607,1.221650,1.455710
13,130,171,-0.033300,186.100000,0.285545,-0.607083,0.382035,-0.635581,0.288214,0.444607,7.188227,7.141619,5.998838,5.385746,1.195968,1.421135
14,131,172,0.000000,200.000000,0.410637,-0.491686,0.187235,-0.744691,0.319008,0.426590,7.193380,8.263793,7.819720,6.062252,1.390173,1.263989
15,132,173,0.033300,213.900000,0.372453,-0.513245,0.179578,-0.752071,0.358445,0.398116,7.198729,6.499279,7.661832,5.981385,1.363664,1.225527
16,133,174,0.066700,227.700000,0.368634,-0.467708,0.151461,-0.788935,0.373893,0.362617,7.201307,6.223730,7.333360,6.283154,1.434335,1.186102
17,134,175,0.100000,241.600000,0.368406,-0.476199,0.044403,-0.797208,0.419100,0.354142,7.195317,8.775149,4.677476,6.456319,1.433315,1.085258
18,135,176,0.133300,255.500000,0.327065,-0.481702,0.062986,-0.810570,0.450205,0.328813,7.210746,3.015539,5.515292,6.419108,1.430158,1.082656
19,136,177,0.166700,269.300000,0.418823,-0.370744,-0.185501,-0.807914,0.461922,0.295223,7.224185,3.366434,10.435830,6.670604,1.458796,1.068636
20,137,178,0.200000,283.200000,0.375338,-0.386217,-0.162768,-0.826719,0.490635,0.277823,7.226991,4.765472,8.640840,6.742264,1.473155,1.051591
21,138,179,0.233300,297.100000,0.321853,-0.392246,-0.141347,-0.850044,0.522414,0.229195,7.250173,5.264217,6.506565,6.865756,1.499464,1.039470
22,139,180,0.266700,310.900000,0.283345,-0.402559,-0.153718,-0.856757,0.550242,0.203010,7.254442,5.969624,6.483785,6.770131,1.484349,1.040674
23,140,181,0.300000,324.800000,0.218127,-0.416768,-0.069444,-0.879718,0.557314,0.184560,7.267706,10.912902,5.716506,7.001921,1.524172,1.015630
24,141,182,0.333300,338.700000,0.192165,-0.393134,-0.105689,-0.892943,0.580355,0.140856,7.286826,10.619926,8.523332,7.126846,1.554371,1.025263
25,142,183,0.366700,352.500000,0.229425,-0.310774,-0.374111,-0.843104,0.602330,0.086973,7.304554,5.466499,6.897568,5.939767,1.392102,1.289728
26,143,184,0.400000,366.400000,0.160872,-0.336986,-0.325939,-0.868518,0.617902,0.053716,7.310316,4.343042,9.252347,6.228634,1.452723,1.239537
27,144,185,0.433300,380.300000,0.136619,-0.313610,-0.337255,-0.877065,0.638340,0.008234,7.350358,7.313508,4.851321,6.273725,1.483163,1.288817
28,145,186,0.466700,394.100000,0.077492,-0.321121,-0.308401,-0.892057,0.644972,-0.007156,7.361142,5.160227,8.714076,6.513411,1.534690,1.268075
