index,ax,ay,az,gx,gy,gz
0,-0.655872,0.256688,0.340624,-0.49,-111.16,21.91
1,-0.657336,0.25375998,0.34892,-2.1,-111.16,21.28
2,-0.657336,0.25132,0.354776,-3.85,-111.16,21.210001
3,-0.656848,0.24302399,0.358192,-5.39,-110.88,20.79
4,-0.659776,0.237656,0.36551198,-6.86,-110.74,20.44
5,-0.66172796,0.23619199,0.371368,-8.26,-110.74,20.3
6,-0.66709596,0.230336,0.370392,-9.59,-110.67,19.81
7,-0.671976,0.224968,0.370392,-10.5,-110.46,19.53
8,-0.672464,0.218136,0.37331998,-11.34,-110.32,19.32
9,-0.66612,0.214232,0.37429598,-11.9,-110.18,18.69
10,-0.66612,0.20984,0.36844,-12.46,-110.18,18.62
11,-0.66855997,0.20788799,0.36551198,-12.88,-109.9,18.13
12,-0.666608,0.206424,0.359168,-13.3,-109.97,17.85
13,-0.66612,0.20447199,0.358192,-13.72,-109.83,17.78
14,-0.65831196,0.201056,0.34892,-14.28,-109.9,17.29
15,-0.655872,0.193248,0.339648,-14.63,-110.04,17.22
16,-0.655872,0.194224,0.325496,-15.05,-110.11,16.87
17,-0.65294397,0.19032,0.315736,-15.47,-110.32,16.31
18,-0.64952797,0.186904,0.30743998,-16.03,-110.53,16.31
19,-0.64416,0.183488,0.29768,-16.59,-110.81,15.68
20,-0.643672,0.182024,0.289872,-17.22,-111.020004,15.33
21,-0.6344,0.17714399,0.271816,-17.99,-111.58,14.9800005
22,-0.61976,0.172264,0.259128,-18.83,-111.93,14.28
23,-0.608536,0.1708,0.244488,-19.95,-112.28,14.07
24,-0.598776,0.1708,0.23570399,-21.07,-112.770004,13.37
25,-0.591456,0.169824,0.22448,-22.47,-113.19,12.67
26,-0.585112,0.162016,0.216672,-24.01,-113.75,12.11
27,-0.578768,0.1586,0.198616,-25.62,-114.520004,11.27
28,-0.569496,0.154208,0.180072,-27.09,-115.08,10.5
29,-0.54899997,0.146888,0.16836,-28.49,-115.78,9.7300005
30,-0.53679997,0.136152,0.162016,-29.82,-116.270004,8.61
31,-0.516792,0.12932,0.15371999,-30.94,-116.97,7.84
32,-0.49532,0.123952,0.144936,-31.85,-117.67,6.7200003
33,-0.480192,0.113216,0.133712,-32.48,-118.3,5.46
34,-0.464088,0.098087996,0.123463996,-33.11,-119.0,4.62
35,-0.452864,0.087352,0.120048,-33.6,-119.56,3.22
36,-0.44017598,0.076128,0.115655996,-34.23,-120.4,2.17
37,-0.430904,0.060512,0.105408,-34.72,-121.24,0.77
38,-0.422608,0.052704,0.089792,-35.35,-121.94,-0.56
39,-0.4148,0.034648,0.077104,-35.91,-122.57,-1.75
40,-0.40894398,0.02684,0.06588,-36.75,-123.41,-3.22
41,-0.404064,0.013176,0.054168,-37.8,-124.11,-4.48
42,-0.403576,0.005368,0.045383997,-39.13,-125.090004,-5.53
43,-0.40796798,-0.001464,0.029768,-40.53,-126.14,-6.79
44,-0.412848,-0.010248,0.011712,-42.28,-126.98,-7.91
45,-0.42114398,-0.01708,-0.006832,-44.170002,-128.1,-9.1
46,-0.426512,-0.02684,-0.020496,-46.13,-129.22,-10.29
47,-0.43139198,-0.037088,-0.031719998,-48.37,-130.69,-11.06
48,-0.437736,-0.047824,-0.048312,-50.61,-132.02,-12.25
49,-0.43919998,-0.054656,-0.069296,-52.99,-133.42,-13.09
50,-0.445544,-0.065392,-0.084912,-55.09,-135.1,-13.86
51,-0.450912,-0.069296,-0.100039996,-57.33,-136.71,-14.9800005
52,-0.460672,-0.073688,-0.12444,-59.57,-138.39,-15.89
53,-0.463112,-0.077104,-0.14200799,-61.88,-140.42,-16.8
54,-0.464576,-0.082959995,-0.16591999,-64.05,-142.24,-17.85
55,-0.468968,-0.084912,-0.17812,-66.08,-144.48,-18.69
56,-0.472872,-0.091256,-0.194712,-67.76,-146.58,-19.95
57,-0.479704,-0.098087996,-0.21569599,-69.51,-149.03,-21.14
58,-0.480192,-0.103456,-0.224968,-70.91,-151.62,-22.19
59,-0.481656,-0.108824,-0.222528,-72.24,-154.28,-23.8
60,-0.47092,-0.112728,-0.22789599,-73.36,-157.08,-25.13
61,-0.450912,-0.11468,-0.23424,-74.340004,-159.81,-26.67
62,-0.427488,-0.120048,-0.234728,-74.97,-162.47,-28.35
63,-0.40455198,-0.120536,-0.229848,-75.53,-165.06,-29.61
64,-0.382592,-0.128832,-0.22692,-75.81,-167.58,-31.43
65,-0.361608,-0.135176,-0.218624,-75.74,-170.17,-33.18
66,-0.344528,-0.143472,-0.20788799,-75.6,-172.76,-35.0
67,-0.33086398,-0.15762399,-0.19715199,-75.32,-175.35,-37.24
68,-0.301584,-0.163968,-0.176656,-75.04,-177.94,-39.06
69,-0.279624,-0.171288,-0.16591999,-74.83,-180.39,-41.44
70,-0.247904,-0.18153599,-0.14591199,-74.83,-182.84,-43.82
71,-0.21618399,-0.1952,-0.109312,-75.18,-185.36,-46.13
72,-0.18056,-0.20837599,-0.079544,-75.88,-187.46,-48.93
73,-0.140544,-0.223016,-0.060024,-77.14,-189.63,-51.8
74,-0.104432,-0.23424,-0.030744,-78.89,-191.66,-54.53
75,-0.068808,-0.24644,-0.006832,-81.2,-193.41,-57.68
76,-0.033184,-0.249368,0.026352,-84.14,-195.23,-60.69
77,0.001952,-0.257664,0.04636,-87.92,-196.84,-63.98
78,0.031719998,-0.26498398,0.059536,-92.26,-198.31,-67.27
79,0.073688,-0.263032,0.06832,-96.95,-199.71,-70.56
80,0.119559996,-0.27572,0.0732,-101.85,-201.11,-74.27
81,0.159576,-0.287432,0.0732,-107.31,-202.44,-78.12
82,0.19032,-0.286944,0.067832,-112.840004,-203.7,-82.39
83,0.21618399,-0.296704,0.059047997,-118.51,-205.1,-86.8
84,0.245952,-0.30256,0.037088,-124.32,-206.57,-91.56
85,0.282064,-0.308416,0.027328,-130.27,-208.18001,-96.88
86,0.313784,-0.31085598,0.005368,-136.08,-209.86,-102.13
87,0.352336,-0.313784,-0.026352,-142.24,-211.75,-107.8
88,0.38796,-0.3172,-0.044408,-148.61,-213.57,-114.03
89,0.421632,-0.321104,-0.066856,-154.91,-215.46,-120.33
90,0.453352,-0.325008,-0.099552,-161.42,-217.7,-127.26
91,0.49043998,-0.333792,-0.119072,-168.07,-219.94,-134.54
92,0.524112,-0.34208798,-0.14249599,-174.72,-222.39,-142.03
93,0.55583197,-0.3538,-0.17812,-181.58,-224.91,-150.36
94,0.598288,-0.361608,-0.206424,-188.44,-227.57,-158.48
95,0.6466,-0.366976,-0.225456,-195.65,-230.09,-167.3
96,0.70028,-0.377224,-0.22838399,-203.21,-232.82,-176.75
97,0.76079196,-0.391864,-0.24156,-211.61,-235.55,-186.27
98,0.819352,-0.413824,-0.24351199,-220.92,-238.49,-196.49
99,0.892064,-0.430416,-0.228872,-231.0,-241.29001,-207.34
100,0.97063196,-0.44896,-0.217648,-242.2,-244.44,-218.12
101,1.069208,-0.46799198,-0.22057599,-254.38,-247.24,-229.67
102,1.1712,-0.48360798,-0.214232,-267.33,-249.9,-241.5
103,1.275144,-0.509472,-0.183488,-280.7,-252.35,-253.54001
104,1.397632,-0.549976,-0.147864,-294.42,-255.01,-266.35
105,1.5245119,-0.587552,-0.144936,-308.21,-257.53,-279.16
106,1.64212,-0.629032,-0.121999994,-321.72,-259.77,-292.46
107,1.7660719,-0.67392796,-0.04636,-335.02,-261.73,-306.11002
108,1.9197919,-0.72712,0.001464,-348.6,-263.48,-319.9
109,2.09596,-0.777384,0.039527997,-362.25,-264.95,-334.11002
110,2.2911599,-0.826184,0.095648,-376.04,-265.72,-348.04
111,2.495144,-0.884256,0.16104,-389.41,-265.79,-361.9
112,2.7064478,-0.94281596,0.21179199,-402.36002,-265.3,-375.83
113,2.907992,-0.997472,0.25375998,-414.61002,-264.25,-389.13
114,3.090504,-1.0613999,0.304512,-426.09,-262.71,-402.71
115,3.256912,-1.1223999,0.372832,-436.8,-260.61002,-415.8
116,3.4018478,-1.177544,0.433832,-446.74,-258.44,-428.75
117,3.531168,-1.232688,0.476288,-455.77,-255.85,-441.42
118,3.660976,-1.2932,0.50898397,-464.24,-252.77,-453.46
119,3.8200638,-1.352736,0.54021597,-471.66,-249.06,-465.01
120,4.00404,-1.422032,0.59292,-478.17,-244.72,-476.28
121,4.1992397,-1.495232,0.630984,-483.7,-240.1,-486.57
122,4.381752,-1.5474479,0.645136,-488.81,-234.99,-496.65
123,4.501312,-1.51524,0.742736,-493.29,-229.74,-505.68
124,4.620872,-1.697264,0.639768,-497.28,-224.49,-514.01
125,4.781424,-1.6655439,0.70857596,-499.31,-218.68001,-521.99
126,4.882928,-1.731424,0.684664,-500.92,-212.8,-528.99
127,4.928312,-1.892952,0.609024,-501.34,-206.5,-535.64
128,4.981504,-1.88124,0.68271196,-500.64,-200.27,-541.73
129,5.046896,-1.882704,0.621224,-499.24,-194.25,-546.98
130,5.1357117,-2.012024,0.604144,-496.02,-188.51,-551.67
131,5.2474637,-2.07888,0.539728,-490.98,-182.42,-555.38
132,5.346528,-2.089128,0.468968,-483.98,-176.47,-558.53
133,5.402648,-2.181848,0.48604798,-475.09,-170.8,-561.26
134,5.4412,-2.2989678,0.34892,-464.8,-165.69,-563.22003
135,5.4817038,-2.334104,0.279624,-453.32,-160.72,-564.83
136,5.539776,-2.40584,0.234728,-440.79,-155.89,-565.74
137,5.599312,-2.503928,0.130784,-427.84,-151.76,-565.88
138,5.6710477,-2.553216,0.086863995,-414.26,-147.98,-565.53
139,5.770112,-2.626416,-0.027816,-400.47,-144.76,-564.41
140,5.876496,-2.716696,-0.103456,-386.47,-141.89,-562.59
141,5.998496,-2.7991679,-0.164944,-372.12,-139.23,-560.63
142,6.128792,-2.8831038,-0.289872,-358.33,-137.55,-557.62
143,6.271288,-2.97924,-0.353312,-344.96,-136.08,-554.26
144,6.4416,-3.0621998,-0.44359198,-332.15,-135.1,-550.48
145,6.6407037,-3.131008,-0.535824,-319.83,-134.96,-546.0
146,6.8832397,-3.2198238,-0.598288,-307.93,-135.17,-541.1
147,7.153104,-3.3149838,-0.69637597,-296.52,-136.29,-535.64
148,7.465424,-3.389648,-0.79056,-285.39,-137.9,-529.62
149,7.774816,-3.471144,-0.90963197,-273.98,-140.21,-523.11
150,8.074448,-3.56972,-1.010648,-262.08,-143.36,-515.55
151,8.356999,-3.6731758,-1.16632,-248.92,-147.42,-507.78
152,8.573672,-3.7878559,-1.338584,-234.15,-152.46,-499.24
153,8.74008,-3.883504,-1.4781519,-217.63,-158.48,-490.0
154,8.860616,-3.9503598,-1.609424,-199.01,-166.53,-480.13
155,8.948944,-4.0909038,-1.7636319,-178.99,-176.61,-469.28
156,9.023608,-4.1967998,-1.9319919,-157.43001,-188.44,-457.87
157,9.0836315,-4.282688,-2.10328,-134.4,-202.02,-445.9
158,9.138776,-4.422744,-2.245288,-110.46,-217.35,-432.74
159,9.199776,-4.5506,-2.460008,-85.75,-234.99,-419.16
160,9.223688,-4.643808,-2.629832,-61.25,-254.31,-404.25
161,9.213928,-4.772152,-2.7420719,-37.45,-276.08,-387.94
162,9.197336,-4.8751197,-2.9075038,-15.47,-300.02,-370.72
163,9.186111,-4.931728,-3.041216,4.41,-326.06,-351.54
164,9.176352,-5.015664,-3.204208,21.28,-354.13,-331.17
165,9.211976,-5.1474237,-3.330112,35.56,-383.74,-309.54
166,9.270535,-5.2201357,-3.365248,47.88,-415.1,-286.09
167,9.376431,-5.254784,-3.441864,58.31,-448.0,-261.87
168,9.530151,-5.32896,-3.5267758,66.64,-481.95,-236.53
169,9.75512,-5.3889837,-3.5106719,74.13,-516.53,-210.14
170,10.04548,-5.4509597,-3.493104,80.22,-552.3,-182.91
171,10.408552,-5.483656,-3.4701679,85.33,-588.49,-154.28
172,10.754056,-5.43144,-3.346704,90.23,-624.96,-125.51
173,11.133719,-5.4724317,-3.3042479,94.78,-662.41,-95.48
174,11.600247,-5.444616,-3.203232,99.54,-700.14,-64.54
175,12.084344,-5.36068,-3.001688,105.14,-738.22003,-33.39
176,12.64164,-5.3675117,-2.838696,112.28,-776.79,-1.26
177,13.237488,-5.298216,-2.706936,121.1,-814.73,30.94
178,13.899216,-5.1366878,-2.425848,132.3,-852.04,63.21
179,14.602912,-5.051776,-2.154032,145.04,-889.14,95.97
180,15.383712,-5.00688,-1.892952,159.74,-925.61,128.73
181,15.939055,-4.81656,-1.638216,175.07,-960.82,161.63
182,15.961504,-4.658936,-1.3112559,192.08,-995.05,194.95
183,15.961504,-4.52864,-1.01992,209.44,-1027.95,228.34
184,15.961504,-4.37736,-0.692472,228.2,-1059.87,262.57
185,15.961504,-4.18704,-0.37088,248.78,-1090.32,296.66
186,15.961504,-3.98452,-0.170312,271.46,-1119.23,331.1
187,15.961504,-3.867888,0.172752,297.01,-1146.11,366.24
188,15.961504,-3.66488,0.449448,325.01,-1170.96,401.17
189,15.961504,-3.454064,0.718336,356.3,-1193.78,436.73
190,15.961504,-3.324256,1.00772,390.32,-1214.36,472.71
191,15.961504,-3.069032,1.274168,427.0,-1232.77,509.04
192,15.961504,-2.850896,1.5494,466.13,-1248.9401,546.56
193,15.961504,-2.747928,1.732888,507.01,-1261.89,584.78
194,15.961504,-2.4785519,2.08376,549.92,-1272.46,623.91
195,15.961504,-2.108648,2.306776,594.79,-1280.3,664.37
196,15.961504,-1.9822559,2.518568,640.78,-1284.64,705.88
197,15.961504,-1.7280079,2.6596,688.87,-1285.6901,748.93
198,15.961504,-1.31272,2.934344,739.2,-1282.82,793.38
199,15.961504,-1.2541599,3.078304,790.72003,-1276.17,839.51
200,1.67872,8.636623,12.240503,793.03,-765.8,804.37
201,2.654232,5.0166397,2.83772,1134.49,116.13,521.43
202,-1.809992,-1.835856,7.3936877,1231.79,-48.93,537.04
203,1.457168,2.790384,-0.167384,892.15,-36.05,692.02
204,1.8841679,-4.243648,-4.9844317,768.81,46.13,511.42
205,-1.616256,8.590752,11.124936,1188.11,5.7400002,365.82
206,4.744336,-13.689864,-9.092904,859.25,-34.72,327.18
207,-1.6372399,0.86815196,7.208736,1207.85,-59.57,267.47
208,2.607872,3.3774478,-2.038864,795.55,-2.59,347.62
209,7.67624,-8.080791,-3.144672,616.77,-20.02,322.49
210,4.916112,1.438624,8.27892,942.2,-60.69,262.15
211,8.2198715,-6.72464,-12.379583,631.05,-202.16,294.7
212,-0.465552,2.3614318,7.7304077,684.6,246.4,422.24
213,11.75836,-4.595984,-3.8498318,470.61002,-102.27,539.14
214,8.577087,-4.26268,-2.96704,365.19,-61.32,650.44
215,4.9546638,5.330912,6.359616,433.51,-57.19,890.61
216,9.855648,-14.956712,-10.774551,257.39,-67.27,896.42
217,11.1669035,4.247552,9.6131115,397.6,-24.64,1068.27
218,13.182832,-1.780224,-4.064552,267.68,-137.83,1131.06
219,9.766344,-1.323944,0.077592,281.82,-105.14,1162.7
220,13.385839,4.846816,5.8257437,383.95,-117.04,1189.23
221,13.200399,-4.4466558,-9.57456,231.84,-195.23,1157.38
222,11.488496,6.748064,11.76324,438.76,-29.19,1174.11
223,13.840655,-4.686264,-6.588976,359.17,-192.78,1121.96
224,14.395023,1.741184,1.9886,434.91,-132.93001,1118.39
225,14.163223,4.369064,3.6843998,505.12,-205.24,1144.71
226,14.403319,-6.882752,-8.440448,440.23,-267.68,1053.43
227,14.687336,8.285752,10.746248,599.06,-128.31,1113.84
228,14.390632,-2.321416,-8.18864,521.08,-208.6,1113.91
229,13.675712,0.123952,2.694248,607.67,-124.74,1133.72
230,14.6765995,3.5950959,1.987136,646.38,-110.32,1157.17
231,15.056751,-4.098712,-7.5913277,595.28,-158.97,1186.71
232,14.79616,4.612576,10.286551,704.48,-22.54,1228.29
233,15.369559,-2.37168,-8.724952,638.05,-86.73,1194.6901
234,15.134344,2.22528,3.38672,672.42,23.24,1196.93
235,14.812752,4.27,1.858792,693.49,36.12,1199.8
236,15.276352,-2.889448,-6.9798636,633.71,1.61,1186.29
237,15.126535,5.5973597,11.08004,707.91,102.340004,1185.24
238,15.719456,-1.813408,-8.437032,627.83,58.87,1161.16
239,14.98648,0.70320797,4.1255517,649.88,148.61,1157.31
240,15.62576,2.9616718,2.234552,642.95,178.78,1154.02
241,15.031864,-1.5816079,-6.395728,577.71,173.25,1133.4401
242,14.749311,4.9785757,11.681255,630.91,247.45,1118.67
243,14.997704,-0.225456,-8.297952,555.03,201.81,1101.17
244,14.974279,1.8124319,3.870816,563.15,257.39,1101.31
245,14.743944,2.751832,2.0247118,557.48,284.27,1077.79
246,14.811288,-1.48352,-7.079416,495.53,282.24,1050.7
247,14.916696,3.802496,10.19432,528.85,348.53,1051.54
248,14.387216,0.186416,-8.499984,467.81,318.22,1031.45
249,14.131991,1.887584,2.985096,469.42,353.57,1010.17
250,13.881648,3.31596,2.502464,467.53,363.58,994.84
251,13.790392,-0.601704,-7.4317517,412.3,354.69,979.79
252,13.568352,3.273016,10.945352,445.83002,405.09,967.54
253,13.270672,0.076128,-6.618744,385.42,387.73,944.79
254,13.339968,0.92524797,2.5873759,383.25,409.29,929.46
255,13.0252075,2.796728,4.407616,384.3,423.71,915.95
256,12.454736,-0.21618399,-7.6113358,327.95,407.54,899.08
257,12.201464,3.2334878,10.823352,356.37,441.91,887.95
258,11.791544,0.663192,-5.43876,310.8,427.14,866.18
259,11.728104,0.602192,0.718336,301.56,437.43,854.35
260,11.653928,2.336544,5.589552,305.83,454.51,845.95
261,11.650023,-0.606584,-8.950896,258.93,435.61002,822.99
262,11.34844,2.3589919,8.984568,282.45,464.59,810.74
263,10.757959,1.065792,-3.965976,251.02,453.74,800.31
264,10.626688,0.67051196,-1.093608,243.18001,457.8,786.31
265,10.23824,2.433168,7.3902717,260.12,472.5,770.91
266,10.068416,-0.44700798,-8.403359,222.53,452.55,754.67
267,10.27728,1.587952,8.211088,249.2,474.39,745.85
268,9.951784,0.77592,-1.6670079,236.11,469.84,729.47003
269,9.708272,0.18544,-2.2013679,229.18001,471.59,713.51
270,9.361304,2.295064,8.589288,256.2,489.16,702.87
271,8.9992075,0.014152,-7.745048,232.54001,472.78,686.28
272,8.866472,1.5128,6.883728,259.28,487.76,675.08
273,8.739104,1.010648,-0.266448,259.91,484.61002,659.89
274,8.77668,-0.208864,-3.4589438,258.37,481.67,642.6
275,8.434592,1.659688,8.304784,289.8,501.62,631.54
276,8.0886,-0.062464,-6.651928,276.78,491.26,615.51
277,7.9041357,1.09556,5.125464,304.15,505.68,599.48
278,7.4961677,1.208288,1.6289439,313.81,505.33002,583.66
279,7.50056,-0.13029599,-3.9205918,310.38,498.96,569.38
280,7.52984,1.4064159,7.938296,340.55,515.2,555.52
281,7.417112,-0.211304,-5.081544,327.74,507.43,536.48
282,7.4498076,0.44896,3.3530478,341.53,520.1,523.53
283,7.2487516,1.006256,2.666432,346.92,525.77,510.37
284,7.139928,-0.19032,-4.124088,332.08,519.82,493.5
285,7.026712,1.330776,7.018416,347.2,532.91,481.81
286,6.975472,0.160064,-3.454064,326.83,524.3,467.67
287,7.0940557,0.303536,2.094984,325.01,530.81,455.7
288,6.918864,0.832528,3.433568,320.81,537.32,444.36002
289,6.91496,-0.360144,-4.02356,296.31,531.3,431.06
290,6.854448,1.020408,5.9052877,301.0,543.62,421.33
291,6.6358237,0.36990398,-2.236016,277.76,536.27,410.48
292,6.691456,0.401624,0.87351996,267.75,537.67,401.31
293,6.5596957,1.060912,3.8693519,264.81,541.66,391.58
294,6.464048,-0.163968,-3.709288,241.36,533.33,380.17
295,6.445992,0.762744,4.791184,245.98,542.15,373.17
296,6.2585998,0.251808,-1.281,232.4,536.76,362.11002
297,6.1624637,0.15371999,-0.22789599,226.17,535.92,350.91
298,5.935544,1.02968,3.837632,230.93001,539.7,343.0
299,5.77548,0.029768,-3.332552,216.16,530.32,331.87
300,5.7471757,0.7686,3.7551599,224.7,535.78,322.49
301,5.63152,0.457744,-0.42212,218.47,531.37,312.34
302,5.715944,0.067832,-0.88718396,213.85,528.64,301.98
303,5.637376,0.8296,3.690744,221.13,533.05,293.3
304,5.5266,0.079055995,-2.954352,208.25,524.65,282.31
305,5.493904,0.742736,2.75232,214.2,528.64,273.42
306,5.320176,0.66124,0.33427998,210.56,525.07,263.9
307,5.26796,0.198128,-1.3219919,203.98,520.24,253.89
308,5.20208,0.887672,3.4535758,211.12,523.6,245.63
309,5.125464,0.113703996,-2.382904,200.27,515.9,234.71
310,5.09472,0.5002,1.8651359,203.84,517.93,225.54001
311,4.977112,0.645624,0.762744,202.16,516.18,216.86
312,4.9512477,0.221552,-1.647488,195.09,511.21,206.29
313,4.860968,0.90621597,3.0485358,201.32,514.08,197.68001
314,4.786304,0.328424,-1.8651359,192.01,506.94,188.3
315,4.8155837,0.509472,1.128256,193.83,507.22,179.2
316,4.720912,0.643672,1.118984,193.62,506.17,169.82
317,4.680896,0.142984,-1.794376,185.85,500.78,159.95
318,4.592568,0.752496,2.548336,191.52,503.72,151.34
319,4.4300637,0.36112,-1.405928,183.82,497.91,141.54
320,4.369064,0.460672,0.490928,183.05,496.72,132.44
321,4.2778077,0.702232,1.33956,183.05,495.53,123.69
322,4.274392,0.18104799,-1.7524079,173.81,489.23,114.03
323,4.266096,0.638792,2.128656,175.56,490.91,105.98
324,4.22364,0.35428798,-0.928176,166.18001,485.87,97.44
325,4.228032,0.366,0.003416,160.79,483.77,88.69
326,4.150928,0.71248,1.446432,157.57,483.14,81.41
327,4.126528,0.289872,-1.6235759,145.11,476.42,73.99
328,4.130432,0.660752,1.701656,142.94,476.35,67.2
329,4.075776,0.453352,-0.49532,132.86,471.38,60.2
330,4.09188,0.344528,-0.352336,124.39,467.81,53.69
331,4.042104,0.65831196,1.420568,120.89,467.25,47.74
332,3.9645119,0.276696,-1.515728,108.78,461.02,41.23
333,3.90644,0.604144,1.209752,105.77,460.25,35.7
334,3.810792,0.525576,-0.202032,97.93,455.35,29.82
335,3.7741919,0.351848,-0.64904,89.74,450.59,24.22
336,3.732224,0.64952797,1.329312,87.15,449.26,19.32
337,3.7170959,0.31085598,-1.32248,76.51,442.89,13.86
338,3.726856,0.545096,0.769088,72.87,441.0,9.52
339,3.6951358,0.577304,-0.008296,65.94,436.94,5.18
340,3.704896,0.42553598,-0.896944,57.12,431.76,1.19
341,3.6922078,0.73688,1.111176,54.46,430.08002,-2.52
342,3.675128,0.469944,-1.179984,44.66,424.06,-6.23
343,3.6966,0.594872,0.341112,40.53,421.33,-9.24
344,3.67464,0.637816,0.089792,35.14,417.83,-12.67
345,3.670248,0.44896,-1.108736,26.880001,412.58,-15.89
346,3.656096,0.749568,0.809592,24.29,410.9,-18.27
347,3.631696,0.572424,-1.100928,15.82,405.51,-21.49
348,3.637552,0.67344,-0.0976,10.99,402.43,-23.8
349,3.62584,0.781776,0.096624,6.02,399.35,-25.83
350,3.639992,0.56852,-1.252208,-2.66,394.1,-28.0
351,3.6438959,0.8052,0.48799998,-5.81,392.35,-29.4
352,3.620472,0.669048,-1.02968,-13.65,387.94,-31.29
353,3.6087599,0.71004,-0.49043998,-19.04,384.86002,-32.55
354,3.563376,0.848632,0.010736,-23.03,382.2,-33.670002
355,3.52092,0.67392796,-1.374696,-30.59,377.09,-35.28
356,3.4916399,0.875472,0.15762399,-33.11,374.99,-35.98
357,3.443328,0.76762396,-0.98332,-39.2,370.44,-37.45
358,3.418928,0.7564,-0.831064,-43.82,366.52,-38.15
359,3.363296,0.908656,-0.125416,-46.41,363.93,-38.78
360,3.304736,0.75200796,-1.482056,-52.57,358.68,-39.97
361,3.2417839,0.931104,-0.218624,-54.39,355.95,-40.53
362,3.1632159,0.898896,-0.981856,-58.52,351.26,-41.16
363,3.110024,0.85107195,-1.1170319,-61.95,346.71,-42.0
364,3.04024,0.985272,-0.28499198,-62.79,343.21,-42.35
365,2.974848,0.835456,-1.541104,-66.71,337.54,-43.26
366,2.927024,0.95404,-0.53192,-66.71,333.97,-43.68
367,2.863096,0.96526396,-0.972584,-67.9,329.0,-44.24
368,2.813808,0.922808,-1.33224,-68.95,323.54,-45.08
369,2.761592,1.06628,-0.462136,-66.85,319.41,-45.29
370,2.70596,0.94672,-1.557208,-67.48,313.18,-46.2
371,2.663504,1.037488,-0.818376,-64.82,308.49,-46.62
372,2.607872,1.042856,-1.026752,-62.16,303.17,-47.18
373,2.560536,0.95843196,-1.541592,-60.2,297.36002,-48.44
374,2.508808,1.109224,-0.672952,-55.3,292.81,-49.14
375,2.450736,1.0248,-1.594784,-52.85,286.3,-50.19
376,2.40828,1.082872,-1.093608,-48.51,280.91,-51.52
377,2.362408,1.130208,-1.06872,-44.66,275.03,-52.43
378,2.333128,1.05652,-1.6533439,-42.84,268.45,-53.69
379,2.295064,1.165344,-0.85448796,-39.2,263.06,-54.6
380,2.244312,1.101904,-1.5908799,-38.57,256.2,-55.65
381,2.211616,1.145336,-1.292712,-37.45,249.9,-56.91
382,2.167696,1.21268,-1.094584,-36.61,243.67,-57.54
383,2.124752,1.133624,-1.71532,-38.08,236.25,-58.59
384,2.088152,1.238544,-0.996984,-37.94,230.09,-59.22
385,2.051552,1.18828,-1.54696,-39.9,222.81,-59.64
386,2.024224,1.1809599,-1.4239839,-41.58,215.81,-60.41
387,1.990552,1.243912,-1.118984,-42.77,209.23,-60.83
388,1.953952,1.171688,-1.726544,-45.71,201.53,-61.39
389,1.9168639,1.254648,-1.11508,-46.55,194.88,-61.95
390,1.874408,1.2365919,-1.483032,-48.79,187.6,-62.09
391,1.84464,1.225856,-1.5001119,-50.75,180.11,-62.44
392,1.81048,1.277584,-1.121424,-51.59,173.39,-62.79
393,1.775344,1.199504,-1.6792079,-53.62,165.76,-63.14
394,1.750456,1.2556239,-1.170712,-53.83,159.11,-63.63
395,1.70556,1.2487919,-1.382504,-54.670002,151.76,-63.7
396,1.662128,1.220976,-1.5040159,-55.44,144.34,-64.05
397,1.62016,1.287344,-1.07604,-54.81,137.62,-64.4
398,1.5869759,1.2229279,-1.550864,-55.23,129.85,-64.47
399,1.563064,1.264408,-1.158024,-53.97,123.270004,-64.89
